Sampler,Lab,SiteNum,NERRSiteNum,Date,Season,Year,ID,Sample No,SiteName,Storm,Rep,TN,TP,Phosphate,SilicaJ,NNN,Ammonia,Chla,TSS,Comments,Time,Temp,SpCond,Salinity,DO,DOSat,Depthm,pH,Turbidity,Comment
DOH,DOH,H2,2,10/24/2013,2,2013,322202,GT10241301,Heeia Lower,,,163,276,,31000,141,4,0,2,Chlorophyll a not analyzed.,10:05 AM,22.5,,0.09,7.5,81.7,,8.21,1.43,Special Run
DOH,DOH,H1,1,10/24/2013,2,2013,322203,GT10241302,Heeia Upper,,,69,280,,30600,59,2,0,1,Chlorophyll a not analyzed.,10:40 AM,21.04,,0.07,8.8,99.3,,8.19,0.56,Special Run
DOH,DOH,H2,2,11/6/2013,2,2013,322202,GT11061301,Heeia Lower,,,314,246,,27800,145,6,0,3,Chlorophyll a not anlyzed.,10:30 AM,23.6,,0.09,7.84,92.4,,8.01,2.26,Special Run
DOH,DOH,H1,1,11/6/2013,2,2013,322203,GT11061302,Heeia Upper,,,113,274,,27900,66,2,0,4,Chlorophyll a not analyzed.,11:14 AM,20.6,,0.07,8.67,96.4,,8.13,0.42,Special Run
DOH,DOH,H2,2,11/20/2013,2,2013,322202,GT11201301,Heeia Lower,,,492,270,,28200,261,36,0,5,Chlorophyll a not analyzed.,10:50 AM,22.14,,0.09,4.98,57.1,,7.75,1.82,"Special Run, cloudy, hazy, calm, high flow, flood 1.5 weeks ago"
DOH,DOH,H1,1,11/20/2013,2,2013,322203,GT11201302,Heeia Upper,,,113,274,,27900,66,2,0,4,Chlorophyll a not analyzed.,11:21 AM,20.5,,0.08,7.91,98,,7.91,0.68,"Special Run, cloudy, hazy, calm, high flow, flood 1.5 weeks ago"
DOH,DOH,H2,2,12/12/2013,2,2013,322202,GT12121301,Heeia Lower,,,438,196,,27900,350,2,0,2,Chlorophyll a not analyzed,10:25 AM,22.2,,0.08,7.6,90.1,,7.8,2.07,"Special Run; clear, sunny, cloudless, warm"
DOH,DOH,H1,1,12/12/2013,2,2013,322203,GT12121302,Heeia Upper,,,115,202,,27700,118,2,0,1,Chlorophyll a not analyzed.,10:47 AM,20.43,,0.08,8.48,94.5,,8.01,0.72,Special Run
DOH,DOH,H2,2,1/22/2014,2,2014,322202,GT01221401,Heeia Lower,,,265,58,,26800,151,2,0,28,Chlorophyll a not analyzed,11:30 AM,21.64,,0.04,8.08,91.5,,7.85,8.4,Special Run
DOH,DOH,H1,1,1/22/2014,2,2014,322203,GT01221402,Heeia Upper,,,87,46,,28400,78,2,0,14,Chlorophyll a not analyzed,12:42 PM,20.96,,0.08,8.54,96.2,,8.15,1.02,Special Run
DOH,DOH,H2,2,2/5/2014,2,2014,322202,GT02051402,Heeia Lower,,,1090,36,,28800,342,14,0,14,"Special run, Chlorophyll a &amp;quot;0.0&amp;quot; means not analyzed.",10:12 AM,21.4,,0.09,8.06,91.2,,7.85,3.01,"Windy, clear, slightly higher flow"
DOH,DOH,H1,1,2/5/2014,2,2014,322203,GT02051401,Heeia Upper,,,91,36,,28200,58,1,0,28,"Rain past few days, higher flow, Chlorophyll a &quot;0.0&quot; means not analyzed.",10:45 AM,20.6,,0.08,8.47,95.4,,8.06,0.77,"Rained past few days, higher flow, 1.8 cfs"
DOH,DOH,H2,2,2/27/2014,2,2014,322202,GT02271401,Heeia Lower,,,429,33,,32200,275,6,0,14,"Chlorphyll ""a"" is not anlyzed",10:12 AM,20.08,,0.09,8.31,91.5,,7.84,3.26,"Overacast/clear, fish, ducks, pigeons, high flow"
DOH,DOH,H1,1,2/27/2014,2,2014,322203,GT02271402,Heeia Upper,,,94,35,,32600,63,3,0,10,"Chlorophyll ""a"" is not analyzed",10:43 AM,19.63,,0.07,8.49,92.7,,8.01,0.83,"Clear, high flow"
DOH,DOH,H2,2,3/12/2014,2,2014,322202,GT03121401,Heeia Lower,,,316,11,,27400,241,4,0,4,Clorophyll a not a required analysis.,2:00 PM,23.78,,0.1,8.15,96.3,,7.96,4.72,"Special Run, sunny, low wind, water fowl"
DOH,DOH,H1,1,3/12/2014,2,2014,322203,GT03121402,Heeia Upper,,,362,10,,27900,248,3,0,8,Clorophyll a not a required analysis.,2:26 PM,21.64,,0.08,8.86,100.3,,8.05,1.94,"Special Run, sunny, wind 10mph, high flow"
DOH,DOH,H2,2,3/31/2014,2,2014,322202,GT03311401,Heeia Lower,,,455,36,,28200,396,7,0,4,Clorophyll a not a required analysis.,10:50 AM,22.33,,0.09,8.02,91.2,,7.89,2.88,Special Run
DOH,DOH,H6,10,3/31/2014,2,2014,322201,GT03311403,Heeia Mouth,,,,,,,,,,,,,,,,,,,,,No sample taken
DOH,DOH,H1,1,3/31/2014,2,2014,322203,GT03311402,Heeia Upper,,,78,33,,28000,57,3,0,1,Clorophyll a not a required analysis.,11:15 AM,21.07,,0.08,8.26,92.3,,7.96,1.9,Special Run
DOH,DOH,H2,2,5/13/2014,1,2014,322202,GT05131402,Heeia Lower,,,321,26,,28300,281,4,0,8,"Cholorophyll ""a"" is not analyzed.",11:05 AM,23.01,,0.13,8.66,99.2,,7.57,4.61,Special Run
DOH,DOH,H6,10,5/13/2014,1,2014,322201,GT05131403,Heeia Mouth,,,106,29,,28200,58,8,0,9,Chlorophyll 'a' is not analyzed.,10:30 AM,23.2,,17.71,5.5,72.8,,7.31,10.6,Special Run
DOH,DOH,H1,1,5/13/2014,1,2014,322203,GT05131401,Heeia Upper,,,139,35,,10100,4,32,0,6,"Chlorophyll ""a"" is not analyzed.",11:15 AM,21.42,,0.08,8.57,97,,7.64,4.2,Special Run
DOH,DOH,H2,2,5/29/2014,1,2014,322202,GT05291402,Heeia Lower,,,263,22,,29500,218,6,0,2,"Chlorophyll ""a"" is not analyzed",10:38 AM,23.11,,0.09,9.64,112.4,,8.03,3.57,Special Run
DOH,DOH,H6,10,5/29/2014,1,2014,322201,GT05291401,Heeia Mouth,,,183,42,,14400,8,48,0,9,"Chlorophyll ""a"" is not analyzed.",10:10 AM,26.03,,13.69,6.03,59.5,,7.03,11.5,Special Run
DOH,DOH,H1,1,5/29/2014,1,2014,322203,GT05291403,Heeia Upper,,,84,23,,29100,48,2,0,1,"Chlorophyll ""a"" not analyzed.",11:05 AM,21.85,,0.08,12.4,122,,8.15,1.44,Special Run
DOH,DOH,H2,2,6/12/2014,1,2014,322202,GT06121402,Heeia Lower,,,192,22,,29200,161,12,0,8,Chlorophyll a not analyzed.,10:50 AM,24.05,,0.09,6.24,74.2,,8.18,2.92,Sunny
DOH,DOH,H6,10,6/12/2014,1,2014,322201,GT06121401,Heeia Mouth,,,99,42,,15400,1,26,0,6,Chlorophyll a not analyzed.,10:05 AM,25.72,,12.9,4.34,57.2,,7.37,13.9,Negative flow
DOH,DOH,H1,1,6/12/2014,1,2014,322203,GT06121403,Heeia Upper,,,70,23,,28800,40,6,0,9,Chlorophyll a not analyzed.,11:30 AM,22.72,,0.07,6.19,73.6,,8.45,0.9,Special Run
DOH,DOH,H2,2,6/26/2014,1,2014,322202,GT06261402,Heeia Lower,,,241,25,,28700,165,4,0,3,"Cholorophyll ""a"" was not analyzed.",9:10 AM,23.17,,0.09,7.85,91.9,,7.96,2.64,Special Run
DOH,DOH,H6,10,6/26/2014,1,2014,322201,GT06261401,Heeia Mouth,,,199,40,,10300,6,67,0,12,"Special run, Negative flow &quot;0.00&quot; value for chlorophyll &quot;s&quot; means that this analysis was not done.",8:45 AM,26.24,,20.38,4.14,58.1,,7.33,10.1,Negative flow
DOH,DOH,H1,1,6/26/2014,1,2014,322203,GT06261403,Heeia Upper,,,115,25,,28300,41,2,0,12,"Chlorophyll ""a"" analysis was not done",10:35 AM,21.24,,0.07,8.13,91.8,,8.2,0.76,Special Run
DOH,DOH,H2,2,7/9/2014,1,2014,322202,GT07091402,Heeia Lower,,,261,25,,28900,188,10,0,3,"Chlorophyll ""a"" analysis was not done.",10:45 AM,23.14,,0.09,6.58,77,,7.99,2.91,Special Run
DOH,DOH,H6,10,7/9/2014,1,2014,322201,GT07091401,Heeia Mouth,,,192,20,,6300,8,36,0,9,"Chlorophyll ""a"" analysis was not dpne.",10:15 AM,26.25,,22.6,4.12,55.3,,7.8,5.92,"Negative Flow, high tide."
DOH,DOH,H1,1,7/9/2014,1,2014,322203,GT07091403,Heeia Upper,,,90,22,,28500,45,5,0,1,"Chlorophyll 'a"" was not analyzed.",11:15 AM,21.41,,0.07,8.38,91.1,,8.25,1.03,Special Run
DOH,DOH,H2,2,7/24/2014,1,2014,322202,GT07241402,Heeia Lower,,,550,21,,27500,310,8,0,2,"Chlorophyll ""a"" not analyzed.",1:11 PM,23.44,,0.09,7.75,91.4,,7.77,3.06,Stream morphology changed
DOH,DOH,H6,10,7/24/2014,1,2014,322201,GT07241401,Heeia Mouth,,,100,18,,2400,2,18,0,16,"Chlorophyll ""a"" was not analyzed.",12:50 PM,28.06,,26.05,7.24,108.6,,7.88,5.28,"Sunny, negative flow, high tide"
DOH,DOH,H1,1,7/24/2014,1,2014,322203,GT07241403,Heeia Upper,,,101,23,,27800,57,5,0,1,"Chlorophyll ""a"" not analyzed.",1:30 PM,22.27,,0.08,8.2,94.6,,7.8,0.73,Special Run
DOH,DOH,H2,2,8/14/2014,1,2014,322202,GT08141402,Heeia Lower,,,252,24,,28300,100,4,0,2,"Chlorophyll ""a"" not analyzed",11:15 AM,24.35,,0.09,8.1,96.9,,7.98,2.5,Special Run
DOH,DOH,H6,10,8/14/2014,1,2014,322201,GT08141401,Heeia Mouth,,,182,53,,21500,30,15,0,14,Chlorophyll &quot;a&quot; not analyzed,10:55 AM,25.5,,0.08,4.05,50.2,,7.08,21.8,Negative flow
DOH,DOH,H1,1,8/14/2014,1,2014,322203,GT08141403,Heeia Upper,,,89,23,,28200,85,2,0,1,"Chlorophyll ""a"" not analyzed",11:35 AM,22.54,,0.07,7.64,91.5,,8.14,1.89,Special Run
DOH,DOH,H2,2,8/28/2014,1,2014,322202,GT08281402,Heeia Lower,,,235,25,,28600,207,8,0,2,"Chlorophyll ""a"" not analyzed",10:28 AM,23.04,,0.09,7.82,91.3,,8.09,1.74,Special Run
DOH,DOH,H6,10,8/28/2014,1,2014,322201,GT08281401,Heeia Mouth,,,170,16,,18500,6,25,0,15,"Chlorophyll ""a"" not analyzed",10:08 AM,25.56,,8.62,3.47,43.7,,7.18,16.9,Special Run
DOH,DOH,H1,1,8/28/2014,1,2014,322203,GT08281403,Heeia Upper,,,81,24,,28700,58,5,0,1,"Chlorophyll ""a"" not analyzed",10:47 AM,21.54,,0.07,8.27,93.8,,8.11,0.63,Special Run
DOH,DOH,H2,2,9/11/2014,1,2014,322202,GT09111402,Heeia Lower,,,422,26,,29200,229,14,0,2,"0.00 for chlorophyll ""a"" means analysis not done.",10:41 AM,23.84,,0.09,8.14,96.4,,8.1,1.7,Special Run
DOH,DOH,H6,10,9/11/2014,1,2014,322201,GT09111401,Heeia Mouth,,,241,38,,9620,14,32,0,16,"0.00 for chlorophyll ""a"" means analysis not done.",10:13 AM,27.22,,21.51,4.57,65.3,,7.49,10.1,Special Run
DOH,DOH,H1,1,9/11/2014,1,2014,322203,GT09111403,Heeia Upper,,,136,24,,28700,95,6,0,1,"0.00 value for chlorophyll ""a"" means analysis has not been done.",11:00 AM,22.11,,0.08,8.57,97.1,,8.27,0.66,Special Run
DOH,DOH,H2,2,10/2/2014,2,2014,322202,GT10021402,Heeia Lower,,,478,27,,28800,267,4,0,4,"0.00 value for Chlorophyll ""a"" means analysis not performed",10:35 AM,23.88,,0.1,8.06,95,,8.03,3.38,Special Run
DOH,DOH,H6,10,10/2/2014,2,2014,322201,GT10021401,Heeia Mouth,,,146,18,,880,21,26,0,12,0.00 value for Chlorophyll &quot;a&quot; means analysis not performed,10:15 AM,29.71,,34.66,3.34,60.8,,7.9,3.48,Special Run
DOH,DOH,H1,1,10/2/2014,2,2014,322203,GT10021403,Heeia Upper,,,113,27,,29100,99,2,0,1,"0.00 value for Chlorophyll ""a"" means analysis not performed",10:55 AM,21.76,,0.08,8.59,97.4,,8.24,0.84,Special Run
DOH,DOH,H2,2,10/30/2014,2,2014,322202,GT10301402,Heeia Lower,,,382,22,,29200,98,2,0,5,"""0.0"" means that Chlorophyll ""a"" was not analyzed.",10:30 AM,23.46,,0.1,4.93,58,,8.39,4.1,Special Run
DOH,DOH,H6,10,10/30/2014,2,2014,322201,GT10301401,Heeia Mouth,,,163,26,,2590,14,36,0,36,"""0.0"" means that Chlorophyll ""a"" was not analyzed.",10:05 AM,25.37,,29.9,4.97,72.1,,7.6,14.6,Special Run
DOH,DOH,H1,1,10/30/2014,2,2014,322203,GT10301403,Heeia Upper,,,107,24,,29400,95,3,0,1,"""0.0"" means that Chlorophyll ""a"" was not analyzed.",10:55 AM,21.66,,0.08,8.2,93.3,,8.21,0.8,Special Run
DOH,DOH,H2,2,11/18/2014,2,2014,322202,GT11181402,Heeia Lower,,,394,26,,28700,269,5,0,4,0.00 value for chlorophyll a means that it is not analyzed,11:00 AM,22.42,,0.1,8.37,96.3,,8.12,3.89,Special Run
DOH,DOH,H6,10,11/18/2014,2,2014,322201,GT11181401,Heeia Mouth,,,123,26,,6710,1,8,0,19,0.00 for Chlorophyll a means that it is not analyzed,10:40 AM,24.71,,26.07,6.62,93.1,,7.91,8.59,Special Run
DOH,DOH,H1,1,11/18/2014,2,2014,322203,GT11181403,Heeia Upper,,,128,25,,28800,84,30,0,2,0.00 value for chlorophyll a means that it is not analyzed,11:20 AM,21.21,,0.08,9.02,100.2,,8.1,0.86,Special Run
DOH,DOH,H2,2,12/12/2014,2,2014,322202,GT12121402,Heeia Lower,,,365,23,,29300,295,5,0,2,0.00 value for chlorophyll a indicates that sample was not analyzed for chlorophyll.,10:20 AM,21.88,,0.1,0,0,,8.02,3.35,"Special Run, DO not working"
DOH,DOH,H6,10,12/12/2014,2,2014,322201,GT12121401,Heeia Mouth,,,123,22,,6620,6,45,0,6,0.00 value for chlorophyll a indicates that sample was not analyzed for chlorophyll.,9:55 AM,23.54,,25.25,,,,7.45,4.24,"Special Run, DO not working"
DOH,DOH,H1,1,12/12/2014,2,2014,322203,GT12121403,Heeia Upper,,,101,26,,29100,90,5,0,1,0.00 value for chlorophyll a indicates that sample was not analyzed for chlorophyll.,10:40 AM,20.55,,0.07,0,0,,8.1,2.91,"Special Run, DO not working"
DOH,DOH,H2,2,2/13/2015,2,2015,322202,GT02131502,Heeia Lower,,,369,25,,29600,264,6,0,2,"""0.00"" for Chlorophyll A means that it was not evaluated.",10:55 AM,21.33,,0.09,8.43,95.1,,8.23,1.81,Special Run
DOH,DOH,H6,10,2/13/2015,2,2015,322201,GT02131501,Heeia Mouth,,,175,19,,6770,31,7,0,19,"""0.00"" for Chlorophyll A means that it was not evaluated.",10:30 AM,23.52,,28.3,4.72,66,,7.51,3.61,Special Run
DOH,DOH,H1,1,2/13/2015,2,2015,322203,GT02131503,Heeia Upper,,,122,30,,29500,112,6,0,1,"""0.00"" for Chlorophyll A means that it was not evaluated.",11:20 AM,20.35,,0.07,6.79,74,,8.24,0.54,Special Run
DOH,DOH,H2,2,3/11/2015,2,2015,322202,GT03111502,Heeia Lower,,,368,24,,29700,237,7,0,3,"""0.00"" for Chlorophyll a results means that it was not analyzed.",10:35 AM,20.13,,0.09,8.15,89.9,,8.44,2.61,Special Run
DOH,DOH,H6,10,3/11/2015,2,2015,322201,GT03111501,Heeia Mouth,,,222,37,,7340,25,47,0,16,"""0.00"" for Chlorophyll a results means that this was not analyzed",10:10 AM,23.56,,27.88,3.63,50.8,,7.38,10.3,Special Run
DOH,DOH,H1,1,3/11/2015,2,2015,322203,GT03111503,Heeia Upper,,,125,27,,29800,119,6,0,1,"""0.00"" for Chlorophyll a analysis result means that it was not analyzed.",10:55 AM,19.39,,0.07,8.57,92.9,,8.17,0.59,Special Run
DOH,DOH,H2,2,4/2/2015,1,2015,322202,GT04021502,Heeia Lower,,,295,23,,26400,176,6,0,12,"""0.00"" value means that chlorophyll a was not analyzed.",10:20 AM,22.82,,0.09,6.98,80.2,,8.61,3.11,Special Run
DOH,DOH,H6,10,4/2/2015,1,2015,322201,GT04021501,Heeia Mouth,,,128,41,,15500,25,18,0,25,"""0.00"" value means that chlorophyll a was not analyzed.",10:00 AM,26.25,,13.43,4.83,64.7,,7.14,9.03,Special Run
DOH,DOH,H1,1,4/2/2015,1,2015,322203,GT04021503,Heeia Upper,,,123,29,,23000,89,5,0,3,"""0.00"" value means that chlorophyll a was not analyzed.",10:45 AM,21.03,,0.08,6.29,70.7,,8.42,0.92,Special Run
DOH,DOH,H2,2,4/23/2015,1,2015,322202,GT04231502,Heeia Lower,,,295,23,,26400,176,6,0,12,Chlorophyll a was not analyzed.,11:30 AM,23.3,,0.09,8.46,101.4,,8.46,2.85,Special Run
DOH,DOH,H6,10,4/23/2015,1,2015,322201,GT04231501,Heeia Mouth,,,128,41,,15500,25,18,0,25,"""0.00"" value for chlorophyll a means that it was not analyzed.",11:15 AM,27.57,,27.1,3.32,49.9,,7.57,13.3,Special Run
DOH,DOH,H1,1,4/23/2015,1,2015,322203,GT04231503,Heeia Upper,,,123,29,,23000,89,5,0,3,Chlorophyll a was not analyzed.,11:45 AM,21.32,,0.07,8.88,100,,8.17,0.92,Special Run
DOH,DOH,H2,2,5/22/2015,1,2015,322202,GT05221502,Heeia Lower,,,352,33,,30700,219,31,0,4,"""0.00"" value means that chlorophyll a was not analyzed.",11:25 AM,22.87,,0.1,7.12,83.4,,8.51,2.83,Special Run
DOH,DOH,H6,10,5/22/2015,1,2015,322201,GT05221501,Heeia Mouth,,,131,46,,17200,31,31,0,10,"""0.00"" value means that chlorophyll a was not analyzed",11:00 AM,28.74,,13.93,3.92,42.2,,7.08,16.4,Special Run
DOH,DOH,H1,1,5/22/2015,1,2015,322203,GT05221503,Heeia Upper,,,174,28,,31000,89,7,0,1,"""0.00"" value means that chlorphyll a was not analyzed.",11:45 AM,21.48,,0.07,8.24,93.6,,8.24,0.61,Special Run
DOH,DOH,H2,2,6/10/2015,1,2015,322202,GT06101502,Heeia Lower,,,247,26,,28700,210,11,0,4,0.00 value for chlorophyll means that it was not analyzed.,10:30 AM,22.91,,0.1,7.91,92.9,,8.66,2.96,Special Run
DOH,DOH,H6,10,6/10/2015,1,2015,322201,GT06101501,Heeia Mouth,,,99,20,,1450,1,17,0,28,0.00 value for chlorophyll a means that it was not analyzed.,10:00 AM,27.95,,34.57,6.34,100,,7.82,8.69,Special Run
DOH,DOH,H1,1,6/10/2015,1,2015,322203,GT06101503,Heeia Upper,,,238,28,,27400,198,6,0,1,0.00 value for chlorophyll a means that this was not analyzed.,10:50 AM,21.3,,0.07,8.4,94.7,,8.3,1.29,Special Run
DOH,DOH,H2,2,6/25/2015,1,2015,322202,GT06251502,Heeia Lower,,,223,30,,29300,204,8,0,3,Chlorophyll a was not analyzed.,11:00 AM,23.6,,0.09,7.89,93.6,,8.81,3.16,Special Run
DOH,DOH,H6,10,6/25/2015,1,2015,322201,GT06251501,Heeia Mouth,,,150,18,,2900,1,7,0,13,Chlorophyll a was not analyzed.,10:40 AM,27.6,,32.04,8.82,135.4,,8.14,6.56,Special Run
DOH,DOH,H1,1,6/25/2015,1,2015,322203,GT06251503,Heeia Upper,,,105,33,,28700,54,6,0,1,Chlorophyll a was not analyzed.,11:15 AM,22.2,,0.07,8.33,96.7,,8.5,0.71,Special Run
DOH,DOH,H2,2,7/10/2015,1,2015,322202,GT07101502,Heeia Lower,,,225,57,,14700,74,2,0,4,,10:45 AM,25.13,,0.08,7.34,89.1,,8.62,6.63,Raining
DOH,DOH,H6,10,7/10/2015,1,2015,322201,GT07101501,Heeia Mouth,,,134,11,,1310,22,21,0,10,,10:20 AM,26.78,,34.15,5.27,77.8,,7.61,4.19,Raining
DOH,DOH,H1,1,7/10/2015,1,2015,322203,GT07101503,Heeia Upper,,,,,,,,,,,,,,,,,,,,,No sample taken
DOH,DOH,H2,2,7/22/2015,1,2015,322202,GT07221502,Heeia Lower,,,489,34,,29300,281,31,0,5,A value of 0.00 for chlorophyll a means that this was not analyzed.,9:55 AM,24,,0.09,8.3,98.5,,7.83,3.52,Special Run
DOH,DOH,H6,10,7/22/2015,1,2015,322201,GT07221501,Heeia Mouth,,,179,50,,16000,2,160,0,13,A value of 0.00 for chlorophyll a means that this was not analyzed.,9:45 AM,27.03,,12.07,3.69,50,,7.02,12.9,Special Run
DOH,DOH,H1,1,7/22/2015,1,2015,322203,GT07221503,Heeia Upper,,,187,61,,26100,171,8,0,7,A value of 0.00 for chlorophyll a means that this was not analyzed.,10:20 AM,21.06,,0.07,8.76,100.1,,7.8,9.21,Special Run
DOH,DOH,H2,2,8/26/2015,1,2015,322202,GT08261502,Heeia Lower,,,347,27,,28700,143,26,0,5,"""0.00"" value means sample was not analyzed for chlorophyll a.",10:22 AM,24.08,,0.1,7.86,94.4,,8.19,3.38,Special Run
DOH,DOH,H6,10,8/26/2015,1,2015,322201,GT08261501,Heeia Mouth,,,88,19,,1490,10,40,0,15,"""0.00"" value means that sample was not analyzed for chlorophyll A.",9:56 AM,30.26,,34.46,4.05,66.3,,7.13,2.92,Special Run
DOH,DOH,H1,1,8/26/2015,1,2015,322203,GT08261503,Heeia Upper,,,68,19,,28200,22,29,0,1,"""0.00"" value means that the sample was not analyzed for chlorophyll a.",10:40 AM,22.59,,0.08,8.94,103.7,,8.02,0.99,Special Run
DOH,DOH,H2,2,9/16/2015,1,2015,322202,GT09161502,Heeia Lower,,,707,28,,26300,242,4,0,3,0.00 value for chlorophyll a means that it was not analyzed for this sample,10:45 AM,23.67,,0.09,8.23,97.1,,7.85,5.13,Special Run
DOH,DOH,H6,10,9/16/2015,1,2015,322201,GT09161501,Heeia Mouth,,,444,149,,16900,28,75,0,54,0.00 value for chlorophyll a means that it was not analyzed for this sample.,9:55 AM,27.94,,6.28,5.94,78.7,,7.15,11.6,Special Run
DOH,DOH,H1,1,9/16/2015,1,2015,322203,GT09161503,Heeia Upper,,,83,26,,26700,70,2,0,1,0.00 value for chlorophyll a means that it was not analyzed for this sample.,12:35 PM,22.56,,0.08,8.74,101.3,,7.76,1.32,Special Run
DOH,DOH,H2,2,10/8/2015,2,2015,322202,GT10081502,Heeia Lower,,,71,27,,28400,10,3,0,4,,10:25 AM,22.5,,0.11,8.5,97,,8.25,4.05,Special Run
DOH,DOH,H6,10,10/8/2015,2,2015,322201,GT10081501,Heeia Mouth,,,96,16,,2660,1,39,0,17,,10:15 AM,26.03,,30.29,4.44,65.8,,7.32,2.46,Special Run
DOH,DOH,H1,1,10/8/2015,2,2015,322203,GT10081503,Heeia Upper,,,287,22,,26200,171,2,0,1,,10:45 AM,21.1,,0.08,8.74,97.7,,8.12,1.36,Special Run
DOH,DOH,H2,2,11/10/2015,2,2015,322202,GT11101502,Heeia Lower,,,452,26,,25300,306,2,0,4,"""0.00"" value for chlorphyll a means that it was not analyzed.",11:10 AM,23.38,,0.1,7.95,93.4,,8.12,4.26,Special Run
DOH,DOH,H6,10,11/10/2015,2,2015,322201,GT11101501,Heeia Mouth,,,48,45,,10000,5,14,0,24,"""0.00"" value for chlorophyll a means that it was not analyzed.",10:50 AM,25.59,,17.63,6.89,94,,7.66,9.06,Special Run
DOH,DOH,H1,1,11/10/2015,2,2015,322203,GT11101503,Heeia Upper,,,94,30,,27700,85,4,0,1,"""0.00"" value for chlorphyll a means that it was not analyzed.",11:30 AM,21.15,,0.08,8.48,94.9,,8.02,1.44,Special Run
DOH,DOH,H2,2,12/3/2015,2,2015,322202,GT12031502,Heeia Lower,,,340,20,,25800,249,11,0,13,0.00 value for chlorophyll a means that it was not analyzed.,10:45 AM,22.3,,0.1,7.56,96.7,,8.46,6.57,Special Run
DOH,DOH,H6,10,12/3/2015,2,2015,322201,GT12031501,Heeia Mouth,,,110,10,,3560,7,2,0,22,0.00 value for chlorophyll a means that it was not analyzed.,10:20 AM,23.98,,25.83,6.97,96.3,,7.8,5,Special Run
DOH,DOH,H1,1,12/3/2015,2,2015,322203,GT12031503,Heeia Upper,,,,,,,,,,,,11:05 AM,20.74,,0.08,7.55,84.2,,8.52,2.25,Special Run
DOH,DOH,H2,2,1/14/2016,2,2016,322202,GT01141602,Heeia Lower,,,362,27,,28100,320,2,0,5,Chlorophyll a was not analyzed.,10:35 AM,20.94,,0.12,8.34,93.7,,8.41,4.08,Special Run
DOH,DOH,H6,10,1/14/2016,2,2016,322201,GT01141601,Heeia Mouth,,,117,30,,3500,1,14,0,20,Chlorophyll a was not analyzed,10:15 AM,25.34,,31.64,4.09,60.4,,7.35,5.18,Special Run
DOH,DOH,H1,1,1/14/2016,2,2016,322203,GT01141603,Heeia Upper,,,351,29,,27800,112,4,0,2,Chlorophyll a was not analyzed.,10:55 AM,19.8,,0.08,8.62,94.3,,8.38,1.62,Special Run
DOH,DOH,H2,2,2/11/2016,2,2016,322202,GT02111602,Heeia Lower,,,926,28,,28200,774,5,0,4,"Chlorophyll ""a"" not analyzed",10:55 AM,20.54,,0.1,9.4,104.4,,8.16,2.66,Special Run
DOH,DOH,H6,10,2/11/2016,2,2016,322201,GT02111601,Heeia Mouth,,,81,253,,2460,2,2,0,226,"Chlorophyll ""a"" not analyzed",10:35 AM,25.11,,33.09,4.81,70.8,,7.29,10.5,Special Run
DOH,DOH,H1,1,2/11/2016,2,2016,322203,GT02111603,Heeia Upper,,,98,29,,27500,72,3,0,2,"Chlorophyll ""a"" not analyzed",11:05 AM,19.76,,0.08,9.55,104.6,,8.23,1.57,Special Run
DOH,DOH,H2,2,2/25/2016,2,2016,322202,GT02251602,Heeia Lower,,,204,27,,28200,70,6,0,1,"chlorophyll ""a"" not analyzed.",10:35 AM,20.08,,0.09,8.82,97,,8.2,3.23,Special Run
DOH,DOH,H6,10,2/25/2016,2,2016,322201,GT02251601,Heeia Mouth,,,116,43,,4230,1,4,0,30,"chlorophyll ""a"" not analyzed",10:10 AM,23.77,,31.13,4.66,66.3,,7.04,9.62,Special Run
DOH,DOH,H1,1,2/25/2016,2,2016,322203,GT02251603,Heeia Upper,,,253,44,,27900,129,6,0,1,"chlorophyll ""a"" not analyzed",10:55 AM,19.38,,0.08,8.71,94.3,,8.54,1.16,Special Run
DOH,DOH,H2,2,3/18/2016,2,2016,322202,GT03181602,Heeia Lower,,,234,30,,28000,206,6,0,3,"""0.00"" means that chlorphyll a was not analyzed.",10:30 AM,20.56,,0.09,7.69,85.5,,8.62,3.2,Special Run
DOH,DOH,H6,10,3/18/2016,2,2016,322201,GT03181601,Heeia Mouth,,,96,116,,7090,4,22,0,89,"""0.00"" means that chlorophyll a was not analyzed",10:10 AM,23.06,,24.74,4.68,63.7,,6.9,35.1,Special Run People working in stream
DOH,DOH,H1,1,3/18/2016,2,2016,322203,GT03181603,Heeia Upper,,,100,27,,26500,67,5,0,1,"""0.00"" means that chlorophyll a was not analyzed.",10:45 AM,19.55,,0.07,7.31,78.7,,8.36,1.14,Special Run
DOH,DOH,H2,2,4/1/2016,1,2016,322202,GT04011602,Heeia Lower,,,371,32,,27700,229,2,0,7,0.00 for chlorophyll a means that it was not analyzed.,11:00 AM,27.97,,0.1,8.39,98.7,,8.68,0, Special Run
DOH,DOH,H6,10,4/1/2016,1,2016,322201,GT04011601,Heeia Mouth,,,99,38,,6390,3,2,0,15,0.00 for chlorophyll a means that it was not analyzed.,10:40 AM,29.21,,26.1,5.49,84.6,,7.15,, Special Run
DOH,DOH,H1,1,4/1/2016,1,2016,322203,GT04011603,Heeia Upper,,,113,29,,26800,82,2,0,27,0.00 for chlorophyll a means that it was not analyzed.,11:20 AM,20.5,,0.07,8.64,97,,8.38,0, Special Run
DOH,DOH,H2,2,5/5/2016,1,2016,322202,GT05051602,Heeia Lower,,,247,31,,28400,174,4,0,6,0.00 value for chlorophyll a means that it was not analyzed.,10:45 AM,22.59,,0.1,8.08,93.8,,8.58,0,Special Run
DOH,DOH,H6,10,5/5/2016,1,2016,322201,GT05051601,Heeia Mouth,,,170,35,,7360,1,12,0,15,0.00 value for chlorphyll a means that it was not analyzed.,10:25 AM,28.94,,24.37,6.76,102.6,,7.47,,Special Run
DOH,DOH,H1,1,5/5/2016,1,2016,322203,GT05051603,Heeia Upper,,,100,29,,27400,78,5,0,2,0.00 value for chlorophyll a means that it was not analyzed,11:05 AM,21.5,,0.08,8.1,95.5,,8.43,0,Special Run
DOH,DOH,H2,2,5/20/2016,1,2016,322202,GT05201602,Heeia Lower,,,253,29,,28400,168,6,0,5,"Value ""0.00"" means that chlorophyll a is not analyzed",10:25 AM,22.97,,0.1,8.54,99.9,,8.08,0, Special Run
DOH,DOH,H6,10,5/20/2016,1,2016,322201,GT05201601,Heeia Mouth,,,282,68,,14100,3,26,0,90,"Value ""0.00"" means that chlorophyll a is not analyzed",10:15 AM,26.32,,13.24,6.69,90,,7.64,, Special Run
DOH,DOH,H1,1,5/20/2016,1,2016,322203,GT05201603,Heeia Upper,,,98,29,,26800,64,4,0,2,"Value ""0.00"" means that chlorophyll a is not analyzed",11:10 AM,21.3,,0.07,8.83,99.6,,8.16,0, Special Run
DOH,DOH,H2,2,6/24/2016,1,2016,322202,GT06241602,Heeia Lower,,,250,24,,29800,192,7,0,5,Value of 0.00 means that chlorophyll a was not analyzed for this sample.,10:35 AM,23.03,,0.09,0,0,,8.17,4.21, Special Run
DOH,DOH,H6,10,6/24/2016,1,2016,322201,GT06241601,Heeia Mouth,,,160,38,,7300,1,2,0,51,Vaue of 0.00 means that chlorophyll a was not analyzed for this sample.,10:05 AM,28.18,,24.91,,,,7.58,15.2, Special Run
DOH,DOH,H1,1,6/24/2016,1,2016,322203,GT06241603,Heeia Upper,,,110,23,,28800,63,6,0,2,Value of 0.00 means that chlorophyll a was not analyzed for this sample.,10:50 AM,21.04,,0.07,0,0,,7.77,1.95, Special Run
DOH,DOH,H2,2,7/7/2016,1,2016,322202,GT07071602,Heeia Lower,,,820,30,,27700,267,2,0,4,0.00 value for chlorophyll a means that it was not analyzed,10:25 AM,22.64,,0.1,8.54,98.8,,8.61,3.82,Special Run
DOH,DOH,H6,10,7/7/2016,1,2016,322201,GT07071601,Heeia Mouth,,,78,74,,9880,3,8,0,26,0.00 value for chlorophyll a means that this was not analyzed,10:05 AM,27.36,,20.61,6,85.9,,7.56,14.1,Special Run
DOH,DOH,H1,1,7/7/2016,1,2016,322203,GT07071603,Heeia Upper,,,68,34,,27100,39,2,0,1,0.00 value for chlorophyll a means that it was not analyzed,10:45 AM,22.23,,0.08,8.97,103.1,,8.38,2.85,Special Run
DOH,DOH,H2,2,7/29/2016,1,2016,322202,GT07291602,Heeia Lower,,,356,20,,26800,275,14,0,3,0.000 means chlorophyll a has not been analyzed,10:35 AM,24.33,,0.1,8.08,96.2,,0,8.74,Stream morphology changed due to tropical storm Darby
DOH,DOH,H6,10,7/29/2016,1,2016,322201,GT07291601,Heeia Mouth,,,109,11,,500,14,12,0,26,0.000 means chlorophyll a has not been analyzed,10:15 AM,26.93,,31.35,7.11,107.6,,0,2.43,Special Run
DOH,DOH,H1,1,7/29/2016,1,2016,322203,GT07291603,Heeia Upper,,,105,17,,26900,80,2,0,4,0.000 means chlorophyll a has not been analyzed,10:55 AM,22.4,,0.08,8.83,101.7,,0,1.2,Special Run
DOH,DOH,H2,2,8/11/2016,1,2016,322202,GT08111602,Heeia Lower,,,400,22,,27500,239,10,0,1,0.000 means chlorophyll a has not been analyzed,10:25 AM,23.97,,0.11,8.01,94.9,,8.37,4.27,Special Run
DOH,DOH,H6,10,8/11/2016,1,2016,322201,GT08111601,Heeia Mouth,,,127,22,,4140,17,2,0,6,0.000 means chlorophyll a has not been analyzed,10:10 AM,27.18,,27.95,5.91,88.1,,7.56,4.77,Special Run
DOH,DOH,H1,1,8/11/2016,1,2016,322203,GT08111603,Heeia Upper,,,120,18,,27400,108,2,0,1,0.000 means chlorophyll a has not been analyzed,10:45 AM,22.38,,0.08,8.49,97.9,,8.24,1.03,Special Run
DOH,DOH,H2,2,9/21/2016,1,2016,322202,GT09211602,Heeia Lower,,,250,18,,26500,245,7,0,2,0.00 value for chlorophyll a means that it was not analyzed.,10:12 AM,22.8,,0.09,6.85,77.1,,8.36,3.22,Special Run
DOH,DOH,H6,10,9/21/2016,1,2016,322201,GT09211601,Heeia Mouth,,,147,34,,16500,1,18,0,8,0.00 value for chlorophyll a means that it was not analyzed,9:55 AM,26.29,,8.17,5.22,68.2,,7.28,7.85,Special Run
DOH,DOH,H1,1,9/21/2016,1,2016,322203,GT09211603,Heeia Upper,,,97,20,,26500,79,3,0,2,0.00 value for chlorophyll a means that it was not analyzed,10:35 AM,21.19,,0.08,7.47,84.2,,8.17,2.16,Special Run
DOH,DOH,H2,2,10/5/2016,2,2016,322202,GT10051602,Heeia Lower,,,176,22,,27500,143,5,0,6,0.00 value for chlorophyll &quot;a&quot; means that it was not analyzed.,10:05 AM,23.37,,0.09,8.26,97.5,,8.15,5.65,Special Run
DOH,DOH,H6,10,10/5/2016,2,2016,322201,GT10051601,Heeia Mouth,,,147,50,,16300,1,12,0,9,"0.00 value for chlorophyll ""a"" means that it was not analyzed",9:40 AM,26.75,,9.74,5.83,77.6,,7.28,11.5,Special Run
DOH,DOH,H1,1,10/5/2016,2,2016,322203,GT10051603,Heeia Upper,,,170,23,,27600,123,2,0,4,0.00 value for chlorophyll &quot;a&quot; means that it was not analyzed,10:25 AM,21.41,,0.08,8.66,98,,8.12,1.22,Special Run
DOH,DOH,H2,2,10/27/2016,2,2016,322202,GT10271602,Heeia Lower,,,375,23,,27800,240,8,0,3,0.00 value for chlorophyll a means that it was not analyzed,10:45 AM,22.46,,0.11,8.07,92.1,,8.4,3.67,
DOH,DOH,H6,10,10/27/2016,2,2016,322201,GT10271601,Heeia Mouth,,,106,25,,5210,5,4,0,23,0.00 value for chlorophyll a means that this was not analyzed,10:30 AM,24.35,,26.55,6.59,92.7,,7.76,14.6,
DOH,DOH,H1,1,10/27/2016,2,2016,322203,GT10271603,Heeia Upper,,,156,34,,27300,112,3,0,2,0.00 value for chlorophyll a means that it was not analyzed,11:20 AM,20.8,,0.08,8.52,95.2,,8.15,0.8,
DOH,DOH,H2,2,11/10/2016,2,2016,322202,GT11101602,Heeia Lower,,,375,23,,28000,276,2,0,3,0.00 value for chlorophyll a means that it was not analyzed,10:20 AM,23.19,,0.11,8.13,95.2,,8.42,2.5,
DOH,DOH,H6,10,11/10/2016,2,2016,322201,GT11101601,Heeia Mouth,,,65,28,,1190,5,19,0,30,0.00 value for chlorophyll a means that it was not analyzed,10:05 AM,26.36,,34.04,4.9,74.6,,7.68,9.75,
DOH,DOH,H1,1,11/10/2016,2,2016,322203,GT11101603,Heeia Upper,,,174,28,,27600,120,2,0,1,).00 value for chlorophyll a means that it was not analyzed,10:45 AM,20.49,,0.04,7.95,88.4,,8.36,2.54,
DOH,DOH,H2,2,12/1/2016,2,2016,322202,GT12011602,Heeia Lower,,,252,38,,24000,222,7,0,10,0.00 value for chlorophyll a means that this parameter was not analyzed.,11:15 AM,21.94,,0.11,6.51,74.4,,8.39,8.01,raining
DOH,DOH,H6,10,12/1/2016,2,2016,322201,GT12011601,Heeia Mouth,,,251,163,,6290,10,32,0,158,0.00 value for chlorophyll a means that this parameter was not analyzed.,10:55 AM,22.52,,25.71,5.43,73.3,,7.63,51,"volunteers at monitoring site, raining"
DOH,DOH,H1,1,12/1/2016,2,2016,322203,GT12011603,Heeia Upper,,,163,32,,27100,125,5,0,2,0.00 value for chlorophyll a means that this parameter was not analyzed.,11:45 AM,20.27,,0.08,7.56,83.7,,8.27,1.02,raining
DOH,DOH,H2,2,12/22/2016,2,2016,322202,GT12221602,Heeia Lower,,,190,26,,27500,150,2,0,6,"0.00 value for chlorophyll ""a"" means that this parameter was not analyzed.",10:37 AM,21.88,,0.07,8.5,97.2,,8.62,3.22,overcast
DOH,DOH,H6,10,12/22/2016,2,2016,322201,GT12221601,Heeia Mouth,,,134,48,,2070,7,38,0,12,"0.00 value for chlorophyll ""a"" means that this parameter was not analyzed.",10:08 AM,23.06,,31.17,5.89,83.2,,7.66,10.4,"overcast, workers upstream"
DOH,DOH,H1,1,12/22/2016,2,2016,322203,GT12221603,Heeia Upper,,,270,31,,27200,106,2,0,1,"0.00 value for chlorophyll ""a"" means that this parameter was not analyzed.",11:05 AM,20.34,,0.08,8.86,98.4,,1.46,0.96,raining
DOH,DOH,H2,2,2/1/2017,2,2017,322202,GT02011702,Heeia Lower,,,219,23,,28200,184,6,0,3,"chlorophyll ""a"" was not analyzed",10:45 AM,20.54,,0.11,8.97,99.8,,8.62,1.79,
DOH,DOH,H6,10,2/1/2017,2,2017,322201,GT02011701,Heeia Mouth,,,116,20,,6920,1,21,0,30,"chlorophyl ""a"" was not analyzed",10:15 AM,21.46,,27.93,7.52,101.1,,7.14,14,
DOH,DOH,H1,1,2/1/2017,2,2017,322203,GT02011703,Heeia Upper,,,162,34,,27500,108,3,0,1,"chlorophyll ""a"" was not analyzed",11:05 AM,19.27,,0.08,9.03,98,,8.5,0.68,
SLABS,DOH,H3A,4,3/11/2017,2,2017,3.1,,Auwai 1,,,233.6759976,,19.9140582,4648.555137,11.64756331,1.6271,,3.7,,,,,,,,,,,
SLABS,DOH,H2,2,3/11/2017,2,2017,2,,Heeia Lower,,,316.6704508,,30.40666753,7121.732859,178.8327099,2.9116,,,,,,,,,,,,,
SLABS,DOH,H6,10,3/11/2017,2,2017,6,,Heeia Mouth,,,106.7433046,,13.24548703,6074.767446,6.933496149,10.6094,,33.647,,,,,,,,,,,
SLABS,DOH,H1,1,3/11/2017,2,2017,1,,Heeia Upper,,,154.4176676,,23.60234404,10096.50676,66.96461133,2.2741,,5.066552901,Storm sample,,,,,,,,,,
SLABS,DOH,H4A,5,3/11/2017,2,2017,4.1,,Loi DS 1,,,247.6178244,,21.68092673,3952.132976,19.19362186,1.8174,,7.877,,,,,,,,,,,
SLABS,DOH,H5,8,3/11/2017,2,2017,5,,Wai 2,,,353.4229204,,17.69607431,4535.534539,46.9542396,7.4504,,12.64130435,,,,,,,,,,,
DOH,DOH,H2,2,3/22/2017,2,2017,322202,GT03221702,Heeia Lower,,,276,19,,27700,187,2,0,3,0.00 value for chlorophyll a means that it was not analyzed.,10:30 AM,23.29,,0.09,8.44,98.9,,8.59,2.62,
DOH,DOH,H6,10,3/22/2017,2,2017,322201,GT03221701,Heeia Mouth,,,175,33,,12200,3,60,0,13,0.00 value for chlorophyll a means that itwas not analyzed.,10:15 AM,25.89,,14.35,7.05,94.9,,7.72,7.61,
DOH,DOH,H1,1,3/22/2017,2,2017,322203,GT03221703,Heeia Upper,,,156,26,,27200,73,2,0,1,0.00 value for chlorophyll a means that it was not analyzed.,10:55 AM,20.58,,0.08,8.56,95.3,,8.49,0.8,
SLABS,DOH,H3A,4,3/30/2017,2,2017,3.1,,Auwai 1,storm,,106.9962327,,14.58630785,12517.76537,0.436611695,1.5,,232.8075,,,,,,,,,,,
SLABS,DOH,H2,2,3/30/2017,2,2017,2,,Heeia Lower,storm,,406.0691605,,18.71834472,14159.80144,222.9164668,6.3561,,,,,,,,,,,,,
SLABS,DOH,H1,1,3/30/2017,2,2017,1,,Heeia Upper,storm,,126.3364468,,25.16424099,13965.81173,79.98726247,4.9577,,125.5125,,,,,,,,,,,
SLABS,DOH,H4A,5,3/30/2017,2,2017,4.1,,Loi DS 1,storm,,186.5936326,,11.96772598,11931.8151,1.405889657,18.6637,,18.001,,,,,,,,,,,
SLABS,DOH,H5,8,3/30/2017,2,2017,5,,Wai 2,storm,,127.7607718,,13.04441208,12912.6213,2.060807199,1.5,,24.645,,,,,,,,,,,
DOH,DOH,H2,2,4/13/2017,1,2017,322202,GT04131702,Heeia Lower,,,251,26,,27100,191,13,0,8,0.00 value for chlorophyll a means that it eas not analyzed.,10:20 AM,23.16,,0.09,8.64,101.1,,8.33,3.9,
DOH,DOH,H6,10,4/13/2017,1,2017,322201,GT04131701,Heeia Mouth,,,208,38,,6930,9,31,0,10,0.00 value for chlorophyll a means that it was not analyzed,10:05 AM,27.01,,25.37,5.49,80.4,,7.56,11.2,
DOH,DOH,H1,1,4/13/2017,1,2017,322203,GT04131703,Heeia Upper,,,132,36,,26900,89,3,0,6,0.00 value for chlorphyll a means that it was not analyzed.,10:40 AM,21.19,,0.08,8.71,98.1,,8.31,2.46,
DOH,DOH,H2,2,4/28/2017,1,2017,322202,GT04281702,Heeia Lower,,,212,26,,26900,206,11,0,4,0.00 value for chlorophyll a means that this was not analyzed.,10:55 AM,24.21,,0.1,8.86,105.8,,8.37,4,
DOH,DOH,H6,10,4/28/2017,1,2017,322201,GT04281701,Heeia Mouth,,,188,49,,3860,8,68,0,30,0.00 value for chlorophyll a means that this was not analyzed.,10:40 AM,28.74,,2.87,5.48,72.4,,7.52,18.6,
DOH,DOH,H1,1,4/28/2017,1,2017,322203,GT04281703,Heeia Upper,,,85,25,,26600,76,4,0,2,0.00 value for chlorophyll a means that this was not analyzed.,11:15 AM,21.33,,0.08,9.01,101.8,,8.29,10.1,
SLABS,DOH,H3A,4,5/1/2017,1,2017,3.1,,Auwai 1,Storm,,133.4233202,9.548934544,5.70325382,5210.515602,0.466157263,9.0515,,13.72090909,,,,,,,,,,,
SLABS,DOH,H2,2,5/1/2017,1,2017,2,,Heeia Lower,Storm,,213.4679667,45.02806906,20.6986156,12841.4223,157.565797,9.7267,,,,,,,,,,,,,
SLABS,DOH,H1,1,5/1/2017,1,2017,1,,Heeia Upper,Storm,,135.9674823,49.26522579,22.57441204,10971.17211,78.96386576,7.8626,,29.12125,,,,,,,,,,,
SLABS,DOH,H4A,5,5/1/2017,1,2017,4.1,,Loi DS 1,Storm,,106.3780325,12.21112821,3.293481567,4136.042722,0.64839735,2.2676,,27.692,,,,,,,,,,,
SLABS,DOH,H5,8,5/1/2017,1,2017,5,,Wai 2,Storm,,65.03841205,3.34838576,1.771375278,1752.774941,3.008234262,15.4322,,24.847,,,,,,,,,,,
SLABS,DOH,H3A,4,5/26/2017,1,2017,3.1,,Auwai 1,,,128.0509032,21.50325681,15.79612422,13676.20453,5.065885066,5.2662,,27.41470588,,,,,,,,,,,
SLABS,DOH,H1,1,5/26/2017,1,2017,1,,Heeia Upper,,,117.3610773,28.12739536,21.08997505,14921.16023,54.6524093,11.3232,,5.799488055,,,,,,,,,,,
SLABS,DOH,H4A,5,5/26/2017,1,2017,4.1,,Loi DS 1,,,154.5352303,9.548934544,5.3423849,8810.455724,8.770584934,11.9733,,10.308,,,,,,,,,,,
SLABS,DOH,H5,8,5/26/2017,1,2017,5,,Wai 2,,,86.60492374,45.02806906,6.679150307,4596.407428,1.822400865,8.4181,,17.902,,,,,,,,,,,
DOH,DOH,H2,2,6/2/2017,1,2017,322202,GT06021702,Heeia Lower,,,251,27,,29000,180,8,,5,,10:20 AM,23.64,,0.1,8.28,97.9,,8.35,3.75,
DOH,DOH,H6,10,6/2/2017,1,2017,322201,GT06021701,Heeia Mouth,,,249,47,,29000,1,2,,28,,10:10 AM,25.07,,22.21,6.68,92.8,,7.66,13.2,
DOH,DOH,H1,1,6/2/2017,1,2017,322203,GT06021703,Heeia Upper,,,314,31,,28700,84,11,,1,,10:40 AM,21.81,,0.08,8.54,97.3,,8.1,0.81,
DOH,DOH,H2,2,6/28/2017,1,2017,322202,GT06281702,Heeia Lower,,,410,27,,30100,216,5,,4,0.00 value for chlorophyll a means that this was not analyzed.,10:30 AM,24.88,,0.1,8.45,102.1,,8.58,4.16,
DOH,DOH,H6,10,6/28/2017,1,2017,322201,GT06281701,Heeia Mouth,,,307,42,,5830,7,36,,26,0.00 value for chlorophyll a means that this was not analyzed.,10:15 AM,27.3,,26.95,5.77,85.7,,7.4,12.1,
DOH,DOH,H1,1,6/28/2017,1,2017,322203,GT06281703,Heeia Upper,,,182,27,,29500,76,8,,1,0.00 value for chlorophyll a means that this was not analyzed.,11:00 AM,22.61,,0.08,8.79,101.8,,8.43,0.75,
SLABS,DOH,H3A,4,6/30/2017,1,2017,3.1,,Auwai 1,,,127.9894284,4.853233186,4.610123402,10335.83582,2.942670006,11.0775,,25.25,,,,,,,,,,,
SLABS,DOH,H2,2,6/30/2017,1,2017,2,,Heeia Lower,,,253.3440783,27.00659137,23.67686856,14399.83246,197.3925199,11.6932,,,,,,,,,,,,,
SLABS,DOH,H1,1,6/30/2017,1,2017,1,,Heeia Upper,,,95.8541395,25.75641865,23.49853064,12558.59621,61.14827919,8.662,,,,,,,,,,,,,
SLABS,DOH,H4A,5,6/30/2017,1,2017,4.1,,Loi DS 1,,,150.2837073,10.00275413,6.909120456,11409.54843,2.203551159,18.445,,7.226041667,,,,,,,,,,,
SLABS,DOH,H5,8,6/30/2017,1,2017,5,,Wai 2,,,149.7985612,9.838065868,6.782407153,11400.59772,2.191893957,18.6143,,13.661,,,,,,,,,,,
SLABS,DOH,H3A,4,7/23/2017,1,2017,3.1,,Auwai 1,,,115.3016607,6.304023899,4.242897675,9492.016313,0.527979696,3.5625,,31.10754717,,,,,,,,,,,
SLABS,DOH,H6,10,7/23/2017,1,2017,6,,Heeia Mouth,,,98.11729049,3.756587099,3.054633477,9200.319236,0.427845616,1.5,,27.062,,,,,,,,,,,
SLABS,DOH,H4A,5,7/23/2017,1,2017,4.1,,Loi DS 1,,,128.8728432,21.44224029,8.306202558,9947.467052,4.961188526,14.6572,,4.435955056,,,,,,,,,,,
SLABS,DOH,H5,8,7/23/2017,1,2017,5,,Wai 2,,,131.5920463,4.269002548,2.036121306,7208.504513,1.665866973,4.5253,,10.909,,,,,,,,,,,
DOH,DOH,H2,2,7/26/2017,1,2017,322202,GT07261702,Heeia Lower,,,204,26,,30500,175,9,0,4,"""0.00"" value for chlorophyll a means that this parameter was not analyzed.",10:40 AM,23.98,,0.09,7.56,90,,8.4,2.63,
DOH,DOH,H6,10,7/26/2017,1,2017,322201,GT07261701,Heeia Mouth,,,227,62,,13000,64,62,0,31,"""0.00"" value for chlorophyll a means that this parameter was not analyzed.",10:19 AM,27.89,,17.13,3.28,47.8,,7.4,14.4,
DOH,DOH,H1,1,7/26/2017,1,2017,322203,GT07261703,Heeia Upper,,,119,26,,33000,57,6,0,1,"""0.00"" value for chlorophyll a means that this parameter was not analyzed.",10:55 AM,22.23,,0.07,8.02,92.2,,8.36,0.83,
DOH,DOH,H2,2,8/16/2017,1,2017,322202,GT08161702,Heeia Lower,,,540,28,,30900,153,12,0,5,0.00 value for chlorophyll a means that this parameter was not analyzed.,10:30 AM,23.61,,0.09,7.69,90.8,,8.57,2.77,
DOH,DOH,H6,10,8/16/2017,1,2017,322201,GT08161701,Heeia Mouth,,,102,20,,1440,21,2,0,17,0.00 value for chlorophyll a means that this parameter was not analyzed.,10:15 AM,26.73,,32.43,5.69,86.6,,7.91,3.45,
DOH,DOH,H1,1,8/16/2017,1,2017,322203,GT08161703,Heeia Upper,,,129,28,,30200,61,6,0,1,0.00 value for chlorophyll a means that this parameter was not analyzed.,10:50 AM,21.92,,0.07,8.05,91.9,,8.57,0.91,
TNC,SLABS,H3A,4,8/21/2017,1,2017,3.1,,Auwai 1,,,96.155491,2.548750686,1.370005752,6176.960739,2.721826366,1.5448,,12.5929368,,,,,,,,,,,
TNC,SLABS,H2,2,8/21/2017,1,2017,2,,Heeia Lower,,,365.2448483,30.30702754,23.99644701,12375.61054,176.1267442,20.5699,,1.313653137,,,,,,,,,,,
TNC,SLABS,H4A,5,8/21/2017,1,2017,4.1,,Loi DS 1,,,108.6340257,3.595542244,3.275955741,6295.169328,3.641239285,4.7576,,16.06333333,,,,,,,,,,,
TNC,SLABS,H4B,7,8/21/2017,1,2017,4.2,,MR Bridge,,,195.0897841,2.468228258,2.087691543,5081.097586,3.240702964,7.4236,,23.66625,,,,,,,,,,,
TNC,SLABS,H5,8,8/21/2017,1,2017,5,,Wai 2,,,155.3943856,3.310053637,2.094137822,5744.456373,1.720485562,2.6383,,25.766,,,,,,,,,,,
TNC,SLABS,H3A,4,10/13/2017,2,2017,,,Auwai 1,,,134.672475,11.53376697,10.86069807,12767.74166,1.561190037,1.6805,,6.764,,,,,,,,,,,
TNC,SLABS,H2,2,10/13/2017,2,2017,,,Heeia Lower,,,319.250925,29.70549982,23.4168886,13291.52106,180.3174492,5.8055,,2.704,,,,,,,,,,,
TNC,SLABS,H1,1,10/13/2017,2,2017,,,Heeia Upper,,,142.6782,31.29685257,24.75657524,13678.66235,66.7668939,21.9096,,1.468,,,,,,,,,,,
TNC,SLABS,H4A,5,10/13/2017,2,2017,,,Loi DS 1,,,180.13485,18.39931741,16.28912631,12671.69894,0.520396679,4.2361,,28.37142857,,,,,,,,,,,
TNC,SLABS,H4B,7,10/13/2017,2,2017,,,MR Bridge,,,153.66645,10.37053258,9.307470779,12414.59487,0.390297509,1.5,,9.015,,,,,,,,,,,
TNC,SLABS,H5,8,10/13/2017,2,2017,,,Wai 2,,,146.047125,12.93567297,10.33696152,11755.49754,0.273508726,1.5,,3.748,,,,,,,,,,,
TNC,SLABS,H3A,4,11/13/2017,2,2017,,,Auwai 1,,,198.58545,25.64447891,24.9004342,12452.87994,1.188239083,8.9027,,4.34,,,,,,,,,,,
TNC,SLABS,H3B,3,11/13/2017,2,2017,,,Haptuk,,,269.89,13.75,11.08,14072.73,151.9,2.1389,,4.25,,,,,,,,,,,
TNC,SLABS,H2,2,11/13/2017,2,2017,,,Heeia Lower,,,434.38605,15.77337916,12.44764231,14119.93082,202.7985858,78.1802,,1.568,,,,,,,,,,,
TNC,SLABS,H1,1,11/13/2017,2,2017,,,Heeia Upper,,,122.1507,21.55737024,20.99601191,14106.72907,42.64650784,2.5972,,1.124,,,,,,,,,,,
TNC,SLABS,H4A,5,11/13/2017,2,2017,,,Loi DS 1,,,205.649325,21.59104481,21.02748106,12398.40551,1.179565806,1.5,,9.392,,,,,,,,,,,
TNC,SLABS,H4B,7,11/13/2017,2,2017,,,MR Bridge,,,239.048775,17.60419261,12.64769619,10967.35312,0.546416513,1.5,,5.944,,,,,,,,,,,
TNC,SLABS,H5,8,11/13/2017,2,2017,,,Wai 2,,,237.527325,16.19167759,12.03492074,11004.52293,0.504347675,1.5,,9.276,,,,,,,,,,,
TNC,SLABS,H3A,4,12/7/2017,2,2017,,,Auwai 1,,,85.116675,16.25230055,8.770247446,12088.84171,1.708635762,10.625,,1.616,,,,,,,,,,,
TNC,SLABS,H3B,3,12/7/2017,2,2017,,,Haptuk,,,320.05,12.52,8.88,13934.12,204.33,13.9374,,4.56,,,,,,,,,,,
TNC,SLABS,H2,2,12/7/2017,2,2017,,,Heeia Lower,,,378.672,27.54029607,24.41041459,14343.04038,247.6827993,18.7846,,1.304,,,,,,,,,,,
TNC,SLABS,H1,1,12/7/2017,2,2017,,,Heeia Upper,,,183.6849,30.98368031,23.62368586,14276.0415,95.97849414,20.9582,,1.744,,,,,,,,,,,
TNC,SLABS,H4A,5,12/7/2017,2,2017,,,Loi DS 1,,,139.5387,10.10513221,5.533420672,12319.54228,3.087686961,21.5277,,48.632,,,,,,,,,,,
TNC,SLABS,H4B,7,12/7/2017,2,2017,,,MR Bridge,,,136.85805,17.90124512,4.177999461,12293.46882,0.312238007,3.9792,,12.112,,,,,,,,,,,
TNC,SLABS,H5,8,12/7/2017,2,2017,,,Wai 2,,,143.825325,9.08666645,6.936045608,12861.14404,0.225505228,2.5069,,7.036,,,,,,,,,,,
TNC,SLABS,H3A,4,1/8/2018,2,2018,,,Auwai 1,,,90.53835,17.98611727,4.002671344,12893.81837,1.16221925,1.5,,2.524,,,,,,,,,,,
TNC,SLABS,H4A,3,1/8/2018,2,2018,,,Haptuk,,,155.67,10.46,7.37,12425.49,1.84,18.5416,,3.38,,,,,,,,,,,
TNC,SLABS,H2,2,1/8/2018,2,2018,,,Heeia Lower,,,321.94365,21.46811734,20.7532499,14643.05013,218.1416145,2.1111,,2.76,,,,,,,,,,,
TNC,SLABS,H3B,5,1/8/2018,2,2018,,,Loi DS 1,,,256.799025,9.007856599,9.066956567,14094.51745,157.8970257,1.993,,75.96,,,,,,,,,,,
TNC,SLABS,H4B,7,1/8/2018,2,2018,,,MR Bridge,,,105.885675,10.03844695,6.97201035,12712.62436,1.387724477,2.3055,,3.984,,,,,,,,,,,
TNC,SLABS,H5,8,1/8/2018,2,2018,,,Wai 2,Storm,,125.0487,7.413472699,4.452230618,12751.23947,0.607129459,1.5,,3.968,,,,,,,,,,,
TNC,SLABS,H3B,3,1/25/2018,2,2018,,,3B,Storm,,308.65,16.29,14.81,12704.17,217.91,11.84,,1.85,,,,,,,,,,,
TNC,SLABS,H2,2,1/25/2018,2,2018,,,ALALOA BRIDGE SITE2,Storm,,492.24,66.56,44.2,14139.08,245.5,10.3,,2.25,,,,,,,,,,,
TNC,SLABS,H3A,4,1/25/2018,2,2018,,,AUWAI 1,Storm,,246.54,27.53,18.83,11837.78,8.55,48.31,,5.32,,,,,,,,,,,
TNC,SLABS,H4A,5,1/25/2018,2,2018,,,DS LOI 1 4A,Storm,,129.33,21.54,18.22,12714.62,14.46,3.03,,7,,,,,,,,,,,
TNC,SLABS,H4B,7,1/25/2018,2,2018,,,NEW BRIDGE,Storm,,139.86,10.72,10.31,8986.07,8.72,1.5,,3.5,,,,,,,,,,,
TNC,SLABS,H5,8,1/25/2018,2,2018,,,WAI 2,Storm,,180.72,8.77,8.25,11546.2,12.24,11.84,,5.02,,,,,,,,,,,
TNC,SLABS,H1,1,2/2/2018,2,2018,,,H1 FALINSKI 2/2/18,,,151.96,41.95,28.12,15603.6,87.74,3.92,,4.524,,,,,,,,,,,
TNC,SLABS,H2,2,2/2/2018,2,2018,,,H2 FALINSKI,,,315.3,40.78,26.77,14849.05,238.78,5.01,,2.496,,,,,,,,,,,
TNC,SLABS,H3A,4,2/2/2018,2,2018,,,H3A FALINSKI,,,137.76,34.29,21.39,13211.04,1.08,2.53,,3.188,,,,,,,,,,,
TNC,SLABS,H3B,3,2/2/2018,2,2018,,,H3B FALINSKI,,,260.82,16.98,15.75,14124.1,171.87,3.46,,2.78,,,,,,,,,,,
TNC,SLABS,H4A,5,2/2/2018,2,2018,,,H4A FALINSKI,,,150.55,13.83,11.39,13356.65,13.31,4.57,,7.628,,,,,,,,,,,
TNC,SLABS,H4B,7,2/2/2018,2,2018,,,H4B FALINSKI,,,162.55,11.76,10.39,13090.85,8.15,2.47,,5.752,,,,,,,,,,,
TNC,SLABS,H5,8,2/2/2018,2,2018,,,H5 FALINSKI 2/2/18,,,179.53,10.99,11.62,12667.59,8.35,9.09,,4.7,,,,,,,,,,,
TNC,SLABS,H4B,7,2/19/2018,2,2018,,,KANE 4B 2/19/18,,,278.19,21.24,12.75,8452.72,96.03,7.54,,77.528,,,,,,,,,,,
TNC,SLABS,H1,1,3/1/2018,2,2018,,,H1,,,115.29,34.84,22.12,12870.28,61.81,1.57,,0.08,,,,,,,,,,,
TNC,SLABS,H2,2,3/1/2018,2,2018,,,H2,,,382.46,35.4,23.42,13055.5,305.26,8.3,,1.44,,,,,,,,,,,
TNC,SLABS,H3B,3,3/1/2018,2,2018,,,H3,,,416.23,26,20.76,12912.97,273.45,26.81,,2.97,,,,,,,,,,,
TNC,SLABS,H3A,4,3/1/2018,2,2018,,,H4,,,142.76,19.14,14.84,11741.3,22.87,1.5,,2.22,,,,,,,,,,,
TNC,SLABS,H4A,5,3/1/2018,2,2018,,,H5,,,164.67,23.46,16.46,11875.72,19,8.18,,10.84,,,,,,,,,,,
TNC,SLABS,H4B,7,3/1/2018,2,2018,,,H6,,,154.1,5.06,2.66,11981.91,12.16,1.5,,12.36,,,,,,,,,,,
TNC,SLABS,H5,8,3/1/2018,2,2018,,,H7,,,185.4,18.44,3.07,12319.55,40.59,1.5,,3.22,,,,,,,,,,,
TNC,SLABS,H3A,4,4/1/2018,2,,,,H3A Storm,storm,,,,,,,,,66.216,,,,,,,,,,,
TNC,SLABS,H4A,5,4/1/2018,2,,,,H4A Storm,Storm,,,,,,,,,9.64,,,,,,,,,,,
TNC,SLABS,H1,1,4/4/2018,1,2018,,,H1,,,139.61,38.93,16.28,13432.66,71.37,4.94,,0.24,,,,,,,,,,,
TNC,SLABS,H2,2,4/4/2018,1,2018,,,H2,,,409.62,40.56,14.57,13101.37,250.28,12.63,,1.4,,,,,,,,,,,
TNC,SLABS,H3B,3,4/4/2018,1,2018,,,H3,,,366.92,18.65,9.46,12700.93,224.69,14.77,,3.68,,,,,,,,,,,
TNC,SLABS,H3A,4,4/4/2018,1,2018,,,H4,,,131.21,11.88,6.94,12033.77,18.5,2.21,,2.48,,,,,,,,,,,
TNC,SLABS,H4A,5,4/4/2018,1,2018,,,H5,,,141.24,7.74,6.97,11933.58,12.78,1.5,,15.51,,,,,,,,,,,
TNC,SLABS,H4B,7,4/4/2018,1,2018,,,H6,,,174,6.83,6.44,11449.52,12.44,1.5,,9.47,,,,,,,,,,,
TNC,SLABS,H5,8,4/4/2018,1,2018,,,H7,,,175.35,12.59,8.95,10935.48,37.07,1.5,,5,,,,,,,,,,,
TNC,SLABS,H2,2,5/2/2018,1,2018,,,ALALOA,,,391.14,35.17,24.29,12740.09,274.73,6.69,,0.7,,,,,,,,,,,
TNC,SLABS,H3A,4,5/2/2018,1,2018,,,AUWAI 1,,,150.35,20.61,16.35,11136.58,12.93,1.5,,0.84,,,,,,,,,,,
TNC,SLABS,H4A,5,5/2/2018,1,2018,,,DS LOI,,,187.88,17.93,13.75,11381.08,16.43,9.61,,3.98,,,,,,,,,,,
TNC,SLABS,H3B,3,5/2/2018,1,2018,,,H3 HOPTUR,,,345.78,21.05,16.18,12596.85,218.84,5.81,,1.16,,,,,,,,,,,
TNC,SLABS,H4B,7,5/2/2018,1,2018,,,MG BRIDGE 5/2/18,,,301.97,67.95,18.81,7972.61,8.41,28.84,,3.7,,,,,,,,,,,
TNC,SLABS,H1,1,5/2/2018,1,2018,,,PAPAHANA 5/2/18,,,143.63,39.01,21.52,12779.26,78.76,1.5,,1.57,,,,,,,,,,,
TNC,SLABS,H5,8,5/2/2018,1,2018,,,WAI 2,,,169.62,31.01,13.51,11055.44,23.51,1.5,,1.61,,,,,,,,,,,
TNC,SLABS,H2,2,6/5/2018,,2018,,,Alaloa,,,322,29.1,21.4,22015.6,240.9,4.8,,,,,,,,,,,,,
TNC,SLABS,H3A,4,6/5/2018,,2018,,,Auwai 1,,,191.4,17.3,12.5,20033.2,5.3,3.9,,,,,,,,,,,,,
TNC,SLABS,H4A,5,6/5/2018,,2018,,,DS Loi,,,157.1,11.9,11,20311.3,5.7,6.4,,,,,,,,,,,,,
TNC,SLABS,H3B,3,6/5/2018,,2018,,,Haptuk,,,266.8,16.4,13.6,19372.9,142.8,7.9,,,,,,,,,,,,,
TNC,SLABS,H4B,7,6/5/2018,,2018,,,New bridge,,,163.8,13.3,12.6,18956,2.4,21.7,,,,,,,,,,,,,
TNC,SLABS,H1,1,6/5/2018,,2018,,,Papahana,,,193.8,24,28.6,21595.6,73.9,0.7,,,,,,,,,,,,,
TNC,SLABS,H5,8,6/5/2018,,2018,,,Wai 2,,,168.3,16.5,13.4,17479.4,6.6,4.7,,,,,,,,,,,,,
TNC,SLABS,H3A,4,6/6/2018,,2018,,,Auwai 1,Storm,,133,9.7,9.3,18274.5,1.6,1.5,,,,,,,,,,,,,
TNC,SLABS,H4A,5,6/6/2018,,2018,,,Loi DS,Storm,,231.3,13,10.1,15266.9,1.9,11.9,,,,,,,,,,,,,
TNC,SLABS,H2,2,6/25/2018,,2018,,,Alaloa,,,382.8,44.1,28.1,18979,141.1,11.2,,,,,,,,,,,,,
TNC,SLABS,H3A,4,6/25/2018,,2018,,,Auwai 1,,,124.2,4.6,3.6,6615.4,1.4,0.9,,,,,,,,,,,,,
TNC,SLABS,H3B,3,6/25/2018,,2018,,,Haptuk,,,287.1,18.6,15.7,17766,143.6,5.8,,,,,,,,,,,,,
TNC,SLABS,H4A,5,6/25/2018,,2018,,,Loi DS,,,163.7,11.4,9.4,13919,0.9,2.7,,,,,,,,,,,,,
TNC,SLABS,H4B,7,6/25/2018,,2018,,,New bridge,,,233.7,34.5,15.8,6501.4,1.4,54.2,,,,,,,,,,,,,
TNC,SLABS,H1,1,6/25/2018,,2018,,,Papahana,,,112.8,29.6,26.7,20107.2,61.9,0.6,,,,,,,,,,,,,
TNC,SLABS,H5,8,6/25/2018,,2018,,,Wai 2,,,124.5,9.5,6.2,13046.5,9.1,0.3,,,,,,,,,,,,,
TNC,SLABS,H2,2,8/28/2018,1,2018,,,ALALOA 1,Storm,,263.95,23.26,11.81,9056.43,96.63,8.46,,43.96,,,,,,,,,,,
TNC,SLABS,H2,2,8/28/2018,1,2018,,,ALALOA 2,Storm,,250.96,16.79,10.83,9042.32,94.94,2.72,,42.16,,,,,,,,,,,
TNC,SLABS,H3A,4,8/28/2018,1,2018,,,AUWAI 1,Storm,,382.07,67.55,45.55,6741.66,30.69,24.45,,107.09,,,,,,,,,,,
TNC,SLABS,H4A,5,8/28/2018,1,2018,,,DS LOI,Storm,,270.25,33.02,21.8,5597.51,44.95,13.13,,135.73,,,,,,,,,,,
TNC,SLABS,H3B,3,8/28/2018,1,2018,,,HAPTUCK,Storm,,288.81,18.33,11.64,6112.96,101.78,6.14,,222.15,,,,,,,,,,,
TNC,SLABS,H1,1,8/28/2018,1,2018,,,PAPAHANA 8/28/18,Storm,,128.27,15.94,8.96,8994.34,32.06,1.5,,16.97,,,,,,,,,,,
TNC,SLABS,H5,8,8/28/2018,1,2018,,,WAI 2 8/28/18,Storm,,372.55,31.39,16.34,9612.46,58.9,62.5,,98.77,,,,,,,,,,,
TNC,SLABS,H3A,4,9/13/2018,1,2018,,storm,3A,Storm,,308.83,24.36,13.28,7963.05,22.36,5.77,,157.53,,,,,,,,,,,
TNC,SLABS,H3B,3,9/13/2018,1,2018,,,3B,Storm,,364.13,24.27,13.62,5002.49,141.77,80.12,,155.76,,,,,,,,,,,
TNC,SLABS,H4A,5,9/13/2018,1,2018,,,4A,Storm,,342.04,28.62,13.93,4856.94,66.66,25.16,,116.47,,,,,,,,,,,
TNC,SLABS,H4B,7,9/13/2018,1,2018,,,4B,Storm,,229.32,14.69,6.45,7063.54,45.63,5.8,,114.01,,,,,,,,,,,
TNC,SLABS,H1,1,9/26/2018,1,2018,,,H1,,,118.72,46.59,30.61,13591.1,94.09,1.74,,0.68,,,,,,,,,,,
TNC,SLABS,H2,2,9/26/2018,1,2018,,,H2,,,417.88,43.56,28.12,14061.94,219.4,9.13,,1.4,,,,,,,,,,,
TNC,SLABS,H3A,4,9/26/2018,1,2018,,,H3A,,,136.86,45.09,24.67,13169.77,6.73,3.21,,5.77,,,,,,,,,,,
TNC,SLABS,H3B,3,9/26/2018,1,2018,,,H3B,,,254.81,23.02,19.1,13723.82,169.22,4.55,,9.6,,,,,,,,,,,
TNC,SLABS,H4A,5,9/26/2018,1,2018,,,H4A,,,136.87,26,16.56,12933.12,5.75,1.5,,22.78,,,,,,,,,,,
TNC,SLABS,H4B,7,9/26/2018,1,2018,,,H4B,,,134.16,65.9,38.33,13013.18,4.82,11.4,,3.37,,,,,,,,,,,
TNC,SLABS,H5,8,9/26/2018,1,2018,,,H5,,,121.09,53.26,30.43,13274.75,4.93,1.5,,3.68,,,,,,,,,,,
TNC,SLABS,H1,1,10/23/2018,2,2018,,,H1,,,139.37,42.77,27.69,19241.6,93.44,13.82,,1.99,,,,,,,,,,,
TNC,SLABS,H2,2,10/23/2018,2,2018,,,H2,,,324.87,69.68,42.36,19603.2,269.6,5.48,,1.12,,,,,,,,,,,
TNC,SLABS,H3B,3,10/23/2018,2,2018,,,H3A,,,329.6,27.17,19.21,19627.61,255.33,8.93,,6.48,,,,,,,,,,,
TNC,SLABS,H3A,4,10/23/2018,2,2018,,,H3B,,,169.68,27.59,16.82,18026.79,1.12,2.12,,6.43,,,,,,,,,,,
TNC,SLABS,H4B,7,10/23/2018,2,2018,,,H4A,,,154.93,46.62,25.76,17250.79,4.27,2.31,,2.81,,,,,,,,,,,
TNC,SLABS,H4A,5,10/23/2018,2,2018,,,H4B,,,199.71,21.27,14.13,17736.38,1,7.29,,18.18,,,,,,,,,,,
TNC,SLABS,H5,8,10/23/2018,2,2018,,,H5,,,149.54,18.73,12.21,18053.63,1.64,5.75,,17.48,,,,,,,,,,,
TNC,SLABS,H5,8,12/20/2018,,2018,,,2 WAI 2,,,170.16,13.28,9.36,7809.38,46.94,16.49,,4.29,,,,,,,,,,,
TNC,SLABS,H4B,7,12/20/2018,,2018,,,3 NEW BRIDGE,,,115.86,4.12,2.58,3625.31,5.49,12.62,,6.53,,,,,,,,,,,
TNC,SLABS,H3A,4,12/20/2018,,2018,,,4 AU WAI 1,,,94.97,4.83,3.18,3078.18,1.15,47.87,,5.62,,,,,,,,,,,
TNC,SLABS,H4A,5,12/20/2018,,2018,,,5 DS LOI 1,,,111.31,9.35,7.25,6342.58,1.27,2.53,,21.18,,,,,,,,,,,
TNC,SLABS,H3B,3,12/20/2018,,2018,,,6 HAPTUK,,,330.6,22.65,17.76,4409.44,131.67,12.59,,4.22,,,,,,,,,,,
TNC,SLABS,H2,2,12/20/2018,,2018,,,7 ALALOA BRIDGE,,,336.36,37.24,30.15,6706.31,130.09,15.54,,1.38,,,,,,,,,,,
TNC,SLABS,H1,1,12/20/2018,,2018,,,8 PAPAHANA,,,134.42,41.77,32.54,11472.74,49.1,14.69,,0.26,,,,,,,,,,,
TNC,SLABS,H7,9,12/20/2018,,2018,,,Makaha Nui,,,76.96,14.72,8.59,1134.7,8.03,1.81,,23.54,,,,,,,,,,,
NERR,SLABS,H1,1,1/18/2019,,2019,101,,8 PAPAHANA,,,153.4,38.42,34.25,10133.82,78.98,1.5,,2.22,,11:14:22 AM,19.86,158.8,0.07,9.15,100.5,0.081,7.81,3.24,
NERR,SLABS,H2,2,1/18/2019,,2019,101,,7 ALALOA BRIDGE,,,345.45,37.83,33.93,8770.4,169.39,3,,3.48,,10:53:23 AM,20.781,172.9,0.08,8.88,99.2,0.078,7.63,5.52,
NERR,SLABS,H3B,3,1/18/2019,,2019,101,,6 HAPTUK,,,352.25,25.94,23.8,8709.9,174.75,8.92,,5.8,,10:08:54 AM,20.787,183.1,0.09,8.38,93.7,0.099,7.51,9.08,
NERR,SLABS,H3A,4,1/18/2019,,2019,101,,4 AU WAI 1,,,119.52,17.56,10.47,6354.06,15.89,1.5,,16.24,,9:45:59 AM,20.444,224.4,0.11,3.82,42.4,0.239,7.09,17.61,
NERR,SLABS,H4A,5,1/18/2019,,2019,101,,5 DS LOI 1,,,122.31,10.08,7.94,3707.62,8.62,4.88,,15.27,,10:36:37 AM,20.63,223,0.11,6.39,71.2,0.323,7.24,11.9,
NERR,SLABS,H4B,7,1/18/2019,,2019,101,,3 NEW BRIDGE,,,134.25,11.07,9.42,4218.76,13.83,28.45,,7.61,,10:33:26 AM,20.72,221.6,0.1,5.53,61.7,0.103,7.26,101.24,
NERR,SLABS,H5,8,1/18/2019,,2019,101,,2 WAI 2,,,148.36,9.69,9.12,5100.53,40.59,9.19,,5.54,,9:32:15 AM,21.403,238.2,0.11,2.62,29.6,0.102,6.96,9.76,
NERR,SLABS,H7,9,1/18/2019,,2019,101,,1 MAKAHA NUI,,,59.95,12.88,10.08,775.94,9.31,3.73,,7.16,,8:42:00 AM,23.561,51776.9,34.08,4.74,67.9,0.231,7.85,8.25,
NERR,SLABS,H1,1,2/19/2019,,2019,102,,8 PAPAHANA,,,120.58,33.05,28.91,8425.81,31.19,1.72,,2.24,,9:39:05 AM,19.749,169.3,0.08,9.1,99.7,0.175,7.7,4,
NERR,SLABS,H2,2,2/19/2019,,2019,102,,7 ALALOA BRIDGE,,,299.2,32.99,29.18,6841.47,86.36,8.02,,3.13,,9:32:06 AM,20.235,0.1,0,9.02,99.7,-0.076,6.64,12.94,
NERR,SLABS,H3A,3,2/19/2019,,2019,102,,6 HAPTUK,,,294.3,30.39,23.2,7002.27,75.8,19.22,,10.98,,10:16:18 AM,20.68,174.1,0.08,8.36,93.2,0.052,7.48,11.59,
NERR,SLABS,H3A,4,2/19/2019,,2019,102,,4 AU WAI 1,,,197.97,12.69,10.87,4700.81,8.25,5.38,,5.78,,10:26:00 AM,20.088,226.8,0.11,4.38,48.3,0.104,7.01,11.19,
NERR,SLABS,H4A,5,2/19/2019,,2019,102,,5 DS LOI 1,,,165.6,12.99,10.58,5544.28,3.57,3.36,,18.28,,10:31:09 AM,20.348,221.2,0.1,5.49,60.9,0.081,7,33.83,
NERR,SLABS,H4B,7,2/19/2019,,2019,102,,3 NEW BRIDGE,,,176.99,11.38,7.55,3330.49,3.97,15.12,,7.34,,10:42:51 AM,20.489,273.8,0.13,4,44.5,0.137,6.78,9.33,
NERR,SLABS,H5,8,2/19/2019,,2019,102,,2 WAI 2,,,135.89,14.75,8.72,5354.37,14.02,7.67,,5.03,,,,,,,,,,,
NERR,SLABS,H7,9,2/19/2019,,2019,102,,1 MN S.R. 2/19/19,,,76.32,8.4,5.67,1510.68,4.02,17.43,,4.72,,11:11:11 AM,22.389,47605.6,31.03,5.73,79,0.54,7.8,4.25,
NERR,SLABS,H1,1,3/20/2019,,2019,103,,PAPAHANA,,,134.85,30.29,22.22,13622.06,88.13,0.55,,1.29,,12:21:01 PM,20.379,167.1,0.08,8.94,99.1,10.346,7.87,0.82,
NERR,SLABS,H2,2,3/20/2019,,2019,103,,ALALOA BRIDGE,,,270.42,27.49,18.53,13921.15,180.58,3.75,,1.73,,11:49:45 AM,22.385,190.4,0.09,9.11,105,10.447,7.95,2.4,
NERR,SLABS,H3B,3,3/20/2019,,2019,103,,HAPTUK,,,290.05,24.29,14.01,13689.02,184.67,8.11,,4.43,,11:15:23 AM,22.046,194.5,0.09,8.3,95.1,10.395,7.72,5.57,
NERR,SLABS,H3A,4,3/20/2019,,2019,103,,AUWAI 1,,,186.15,19.92,13.08,11622.16,0.74,5.04,,4.28,,10:48:52 AM,21.758,262.7,0.12,2.64,30.1,10.437,7.02,8.8,
NERR,SLABS,H4A,5,3/20/2019,,2019,103,,LOI,,,157.02,17.64,8.18,11247.18,2.31,15.66,,53.93,,10:39:09 AM,25.224,258.5,0.12,4.78,58.1,10.411,7.19,172.89,
NERR,SLABS,H5a,6,3/20/2019,,2019,103,,K.BRIDGE SR 3/20/19,,,144.82,12.41,10.75,11751.62,63.86,5.98,,8.1,,10:14:39 AM,22.274,209.4,0.1,2.99,34.4,10.502,7.14,10.64,
NERR,SLABS,H4B,7,3/20/2019,,2019,103,,NEW BRIDGE,,,98.79,15.64,11.79,8559.82,1.53,24.15,,7.88,,9:59:57 AM,22.087,243.8,0.12,2.89,33.1,10.753,7.6,12.38,
NERR,SLABS,H5,8,3/20/2019,,2019,103,,WAI 2,,,103.11,10.45,9.68,12626.58,24.11,8.33,,3.48,,9:09:12 AM,21.872,222.2,0.1,3.7,42.3,10.8,6.89,7.67,
NERR,SLABS,H7,9,3/20/2019,,2019,103,,MAKAHA NUI,,,119.08,9.68,9.31,1449.56,12.61,21.37,,2.73,,9:35:27 AM,24.297,50173.6,32.88,5.92,85.3,10.275,7.87,1.82,
NERR,SLABS,H1,1,4/18/2019,,2019,104,,PAPAHANA,,,119.1,33.34,30.29,13340.38,78.38,0.74,,0.35,,11:02:34 AM,20.81,172.7,0.08,8.97,100.3,-0.045,7.94,0.48,
NERR,SLABS,H2,2,4/18/2019,,2019,104,,ALALOA BRIDGE,,,208.66,28.21,26.99,13696.48,129.92,3.81,,3.43,,10:40:23 AM,22.982,201,0.09,9.06,105.7,-0.018,8.21,2.86,
NERR,SLABS,H3B,3,4/18/2019,,2019,104,,HAPTUK,,,236.17,25.66,21.98,12235.38,146.94,4.72,,3.16,,10:09:58 AM,22.232,201.3,0.09,7.95,91.3,0.132,7.72,4.28,
NERR,SLABS,H3A,4,4/18/2019,,2019,104,,AUWAI 1,,,107.32,20.32,12.72,9557,0.5,0.28,,6.43,,9:53:16 AM,22.374,258,0.12,2.77,31.9,0.002,7.03,9.11,
NERR,SLABS,H4A,5,4/18/2019,,2019,104,,DS LOI 1,,,123.82,17.3,13.19,10579.74,0.5,0.28,,17.87,,9:44:54 AM,25.69,256.5,0.12,6.6,80.9,-0.001,7.29,28.88,
NERR,SLABS,H5a,6,4/18/2019,,2019,104,,Kakoo Bridge,,,148.57,21.23,12.1,9146.43,9.11,9.29,,6.62,,9:19:51 AM,24.926,215.4,0.1,1.26,15.2,0.06,6.82,3.34,
NERR,SLABS,H4B,7,4/18/2019,,2019,104,,NEW BRIDGE ,,,101.9,19.87,10.21,6992.76,0.77,30.19,,5.32,,9:03:44 AM,23.617,248.8,0.12,2.36,27.9,0.04,6.72,9.59,
NERR,SLABS,H5,8,4/18/2019,,2019,104,,WAI 2,,,101.03,12.94,11.79,9077.51,13.11,5.5,,4.8,,8:34:03 AM,24.107,229.9,0.11,3.43,40.9,-0.002,7.41,6.68,
NERR,SLABS,H7,9,4/18/2019,,2019,104,,MAKAHA NUI,,,163.95,8.04,6.66,1328.07,20.76,11.02,,36.72,,8:13:20 AM,24.489,52574.2,34.65,5.74,83.8,-0.002,7.52,5.33,
NERR,SLABS,H1,1,5/17/2019,,2019,105,,PAPAHANA,,,151.24,29.74,24.71,14610.25,108.48,4.02,,0.56,,9:07:50 AM,20.619,161.3,0.08,9.25,103,-0.042,7.68,0.88,
NERR,SLABS,H2,2,5/17/2019,,2019,105,,ALALOA BRIDGE,,,410.13,25.33,24.65,14935.02,229.03,7.26,,2.39,,8:46:49 AM,22.236,185.6,0.09,9.04,103.9,-0.013,7.62,2.56,
NERR,SLABS,H3B,3,5/17/2019,,2019,105,,HAPTUK,,,629.64,19.98,18.8,14061.34,258.58,12.97,,4.66,,8:20:05 AM,22.152,189.6,0.09,7.73,88.7,0.157,7.13,4.3,
NERR,SLABS,H3A,4,5/17/2019,,2019,105,,AUWAI 1,,,158.47,12.18,11.12,12890.56,1.41,2.66,,13.6,,8:11:16 AM,23.117,245,0.12,2.7,31.5,0.126,6.62,14.9,
NERR,SLABS,H4A,5,5/17/2019,,2019,105,,LOI 1,,,163.82,13.2,10.65,12727.8,0.78,0.95,,39.2,,7:51:33 AM,23.737,242,0.11,4.85,57.4,0.001,7.13,44.89,
NERR,SLABS,H5a,6,5/17/2019,,2019,105,,K.BRIDGE S.RII 5/16,,,137.4,12.38,6.03,12603.2,11.19,0.52,,7.12,,6:31:36 AM,25.504,210.6,0.1,1.24,15.2,0.015,6.43,4.32,
NERR,SLABS,H4B,7,5/17/2019,,2019,105,,NEW BRIDGE,,,168.29,17.08,7.17,10999.13,4.68,11.15,,9.58,,6:22:55 AM,23.768,224.6,0.11,2.45,29,0.176,6.3,16.67,
NERR,SLABS,H5,8,5/17/2019,,2019,105,,WAI 2,,,118.92,13.03,11.07,12627.52,6.08,9.62,,4.24,,7:29:30 AM,24.093,218.6,0.1,2.8,33.3,0.263,7.38,11.51,
NERR,SLABS,H7,9,5/17/2019,,2019,105,,MAKAHA NUI,,,130.63,8.62,6.78,1508.32,18.29,13.23,,6.86,,7:05:06 AM,25.345,51438.4,33.79,5.37,79.2,0.108,7.46,7.26,
NERR,SLABS,H1,1,6/19/2019,,2019,106,,Papahana,,,135.59,32.02,27.63,14167.01,93.05,1.88,0.12,0.5,,12:01:37 PM,21.266,154.7,0.07,8.82,99.4,0.009,7.91,0.76,
NERR,SLABS,H2,2,6/19/2019,,2019,106,,Alaloa Bridge,,,233.13,29.69,22.97,14456.7,165.56,4.58,0.08,7.32,,11:39:13 AM,23.681,179,0.08,8.47,100.1,-0.01,7.89,3.04,
NERR,SLABS,H3B,3,6/19/2019,,2019,106,,Haptuk,,,236.76,26.24,17.73,13989.57,165.87,6.67,0.04,1.07,,11:15:06 AM,23.329,181.7,0.09,7.27,85.3,0.298,7.5,3.13,
NERR,SLABS,H3A,4,6/19/2019,,2019,106,,AUWAI 1,,,133.57,19.58,15.81,10022.02,2.21,2.2,0.14,4.31,,10:51:25 AM,24.124,204.5,0.1,3.92,46.7,0.092,7.02,4.11,
NERR,SLABS,H4A,5,6/19/2019,,2019,106,,DS Loi 1,,,166.37,13.12,11.75,11250.5,2.41,11.51,0.39,46.7,,11:04:31 AM,25.556,201.1,0.09,5.29,64.7,0.043,7.14,29.72,
NERR,SLABS,H5a,6,6/19/2019,,2019,106,,Kakoo Bridge,,,136.35,23.11,17.81,8708.62,2.03,4.09,0.15,16.32,,10:30:58 AM,25.88,202.2,0.09,0.45,5.6,0.058,6.88,6.44,
NERR,SLABS,H4B,7,6/19/2019,,2019,106,,New Bridge,,,121.65,17.71,10.24,8758.4,1.54,22.58,0.17,5.62,,10:18:00 AM,26.126,235.7,0.11,1.48,18.2,0.341,7.02,187.45,
NERR,SLABS,H5,8,6/19/2019,,2019,106,,Wai 2,,,111.95,22.26,12.94,11507.61,1.37,4.24,0.22,0.91,,9:35:57 AM,25.812,210.7,0.1,2.11,25.9,0.336,7.25,9.87,
NERR,SLABS,H7,9,6/19/2019,,2019,106,,Makaha Nui,,,174.04,7.78,5.92,1689.83,7.06,20.22,0.1,9.22,,9:09:21 AM,26.53,49004.5,31.97,5.38,80.1,0.115,7.76,4.16,
TNC,SLABS,H1,1,7/17/2019,,2019,107,,Papahana,,,109.74,29.38,24.98,14062.78,63.08,0.28,,1.31,,10:16:53 AM,21.343,156.6,0.07,8.91,100.7,0.024,7.91,-4.63,
TNC,SLABS,H2,2,7/17/2019,,2019,107,,Alaloa,,,230.85,25.91,22.15,14429.26,148.59,0.4259,,4.03,,9:55:18 AM,23.594,182.6,0.09,8.62,101.7,0.04,7.87,-3.41,
TNC,SLABS,H3b,3,7/17/2019,,2019,107,,Haptuk,,,242.73,22.14,17.7,14281,147.45,1.4862,,8.28,,9:32:16 AM,23.349,183,0.09,7.37,86.5,0.107,7.58,-2.24,
TNC,SLABS,H3a,4,7/17/2019,,2019,107,,Auwai 1,,,127.26,19.59,16.78,12501.12,0.5,0.5251,,2.28,,9:21:19 AM,24.453,224.4,0.11,2.33,27.9,0.066,6.92,-0.37,
TNC,SLABS,H4a,5,7/17/2019,,2019,107,,DS Loi 1,,,119.1,17.98,15.09,12390.02,1.81,0.28,,14.18,,9:09:32 AM,25.886,207.4,0.1,4.83,59.5,0.016,7.34,12.27,
TNC,SLABS,H5a,6,7/17/2019,,2019,107,,Kakoo Bridge,,,142.08,14.89,11.26,12966.56,1.5,0.28,,5.77,,8:36:06 AM,26.055,211.8,0.1,0.73,9,0.013,6.92,-1.82,
TNC,SLABS,H4b,7,7/17/2019,,2019,107,,New bridge,,,136,24.59,22.66,13239.2,0.5,7.116,,7.3,,8:27:54 AM,25.909,223.6,0.1,2.25,27.7,0.192,6.85,6.84,
TNC,SLABS,H5,8,7/17/2019,,2019,107,,Wai 2,,,103.49,16.43,13.95,13117.29,1.04,0.28,,9.41,,7:57:15 AM,25.861,210.2,0.1,1.95,23.9,0.109,7.19,3.29,
TNC,SLABS,H6,9,7/17/2019,,2019,107,,Makaha Nui,,,100.87,8.23,7.59,2124.19,23.49,5.0665,,11.45,,7:30:22 AM,26.649,45013.5,29.07,4.75,69.8,0.06,7.74,1.82,
TNC,SLABS,H1,1,8/15/2019,,2019,108,,Papahana,,,103.75,33.69,29.87,18693.16,85.54,1.703,,0.52,,12:25:29 PM,21.68,152.1,0.07,9.11,103.6,-0.06,7.84,0.13,
TNC,SLABS,H2,2,8/15/2019,,2019,108,,Alaloa,,,192.75,29.04,27.46,19876.44,148.11,5.7119,,1.55,,12:02:07 PM,25.761,210.9,0.1,8.61,105.7,0.009,7.73,2.38,
TNC,SLABS,H3b,3,8/15/2019,,2019,108,,Haptuk,,,189.5,25.43,22.96,18761.04,173.85,2.7256,,2.68,,11:35:18 AM,24.476,178.5,0.08,7.31,87.6,0.088,7.65,2.34,
TNC,SLABS,H3a,4,8/15/2019,,2019,108,,Auwai 1,,,177.25,21.34,14.06,13503.33,0.69,4.6142,,4.42,,11:05:03 AM,25.64,244.7,0.12,1.6,19.6,0.028,6.8,7.77,
TNC,SLABS,H4a,5,8/15/2019,,2019,108,,DS Loi 1,,,214.68,21.87,20.23,15976.45,7.21,7.486,,59.2,,11:19:53 AM,32.803,215.4,0.1,6.16,85.5,0.03,7.23,58.38,
TNC,SLABS,H5a,6,8/15/2019,,2019,108,,Kakoo Bridge,,,114.3,18.51,12.98,14102.02,1.85,2.4632,,1.69,,10:49:28 AM,26.953,201.1,0.09,0.58,7.3,0.136,6.75,2.12,
TNC,SLABS,H4b,7,8/15/2019,,2019,108,,New bridge,,,135.32,16.36,11.96,11335.47,0.21,68.6177,,8.4,,10:37:59 AM,26.898,221.1,0.1,2.01,25.2,0.189,6.63,10.4,
TNC,SLABS,H5,8,8/15/2019,,2019,108,,Wai 2,,,119.65,17.93,13.74,14286.56,0.67,11.0614,,2.59,,9:56:48 AM,27.327,205.2,0.1,2.55,32.2,0.11,7.19,7.18,
TNC,SLABS,H6,9,8/15/2019,,2019,108,,Makaha Nui,,,154.21,15.33,7.81,1035.07,19.35,34.9832,,11.69,,9:20:06 AM,28.37,50332,32.89,5.56,85.8,0.134,7.5,2.45,
TNC,SLABS,H1,1,9/11/2019,,2019,109,,Papahana,,,127.99,36.34,33.51,13813.07,50.76,1.5397,,1.81,,10:52:54 AM,21.649,151.8,0.07,8.85,100.6,-0.068,7.87,0.74,
TNC,SLABS,H2,2,9/11/2019,,2019,109,,Alaloa,,,232.17,29.01,28.19,14396.26,178.97,0.7591,,1.54,,10:19:46 AM,24.249,180.3,0.08,8.54,102,-0.015,7.79,1.44,
TNC,SLABS,H3b,3,9/11/2019,,2019,109,,Haptuk,,,188.97,25.68,24.32,14278.18,174.58,1.9231,,2.28,,9:53:35 AM,23.254,179.1,0.08,6.97,81.7,0.1,7.42,2.3,
TNC,SLABS,H3a,4,9/11/2019,,2019,109,,Auwai 1,,,227.3,45.11,36.92,12826.87,0.39,3.7601,,11.3,,9:32:39 AM,24.808,251.7,0.12,0.71,8.6,0.072,6.81,3.89,
TNC,SLABS,H4a,5,9/11/2019,,2019,109,,DS Loi 1,,,156.06,21.65,18.62,12905.84,0.71,1.4237,,34.1,,9:23:58 AM,26.235,204.2,0.1,5.43,67.3,0.05,7.25,30.62,
TNC,SLABS,H6,6,9/11/2019,,2019,109,,Makaha Nui,,,126.38,12.05,10.68,2683.5,20.65,19.8826,,6.15,,9:07:14 AM,26.293,211.4,0.1,0.57,7.1,0.073,6.89,1.58,
TNC,SLABS,HW,6,9/11/2019,,2019,109,,Wetland,,,107.1,26.58,23.33,12945.51,1.13,3.2907,,3.57,,9:01:30 AM,26.1,227.5,0.11,1.04,12.8,0.129,6.73,13.36,
TNC,SLABS,H4b,7,9/11/2019,,2019,109,,New bridge,,,162.14,28,24.64,13782.3,0.26,44.4354,,7.77,,8:02:46 AM,26.067,210.4,0.1,1.86,23,0.167,7.01,8.77,
TNC,SLABS,H5,8,9/11/2019,,2019,109,,Wai 2,,,132.84,12.61,10.77,2772.48,21.25,21.6948,,7.28,,7:37:39 AM,25.758,44590,28.79,5.21,75.2,0.114,7.66,4.02,
TNC,SLABS,H1,1,10/9/2019,,2019,110,,Papahana,,,102.93,32.6,28.57,12925.95,74.32,0.5417,,0.61,,11:52:17 AM,21.3,0.209,0.1,8.7,98.3,10.253,7.73,0.38,
TNC,SLABS,H2,2,10/9/2019,,2019,110,,Alaloa,,,211.29,29.66,26.76,13370.41,184.99,1.0064,,1.53,,11:26:36 AM,23.8,0.179,0.08,8.42,99.7,10.337,7.8,1.2,
TNC,SLABS,H3b,3,10/9/2019,,2019,110,,Haptuk,,,215.5,22.94,21.13,11753.37,175.25,2.286,,1.35,,10:49:04 AM,22.8,0.241,0.11,7.17,83.4,10.351,7.62,2.8,
TNC,SLABS,H3a,4,10/9/2019,,2019,110,,Auwai 1,,,122.85,20.09,17.51,10316.55,2.14,0.7159,,1.6,,10:18:27 AM,23.2,0.285,0.13,3.21,37.6,10.36,7.15,4.88,
TNC,SLABS,H4a,5,10/9/2019,,2019,110,,DS Loi 1,,,150.02,16.87,15.05,9301.33,3.72,8.2914,,13.88,,10:31:01 AM,26.6,0.282,0.13,5.44,67.9,10.368,7.68,28.89,
TNC,SLABS,H5a,6,10/9/2019,,2019,110,,Kakoo Bridge,,,205.04,25.86,19.3,7036.18,0.53,5.6843,,7.65,,9:52:33 AM,24.8,0.302,0.14,1.71,20.6,10.369,6.88,6.67,
TNC,SLABS,HW,6,10/9/2019,,2019,110,,Wetland,,,224.7,16.79,13.78,9423.06,3.16,2.878,,3.75,,9:12:23 AM,24.6,0.323,0.15,1.5,18,10.379,6.61,9.61,
TNC,SLABS,H5,8,10/9/2019,,2019,110,,Wai 2,,,207.98,18.35,15.19,9845.42,0.71,1.5202,,4.57,,8:16:43 AM,24.6,0.296,0.14,2.07,24.8,10.361,7.3,9.06,
TNC,SLABS,H6,9,10/9/2019,,2019,110,,Makaha Nui,,,107.91,6.76,4.08,875.69,16.06,4.3651,,1.86,,7:31:50 AM,28,51.577,33.82,5.54,85.4,10.137,7.73,0.66,
TNC,SLABS,H1,1,11/12/2019,,2019,111,,Papahana,,,157.85,25.72,23.5,14217.88,103.04,10.7226,,1.51,,11:50:40 AM,20.8,0.153,0.07,9.13,102,0.002,7.71,0.21,
TNC,SLABS,H2,2,11/12/2019,,2019,111,,Alaloa,,,308.26,27.84,24.26,14115.02,260.78,9.0569,,1.72,,11:34:27 AM,23.9,0.177,0.08,8.81,104.5,0,7.66,2.22,
TNC,SLABS,H3b,3,11/12/2019,,2019,111,,Haptuk,,,297.24,18.58,16.03,13754.55,223.47,7.941,,3.39,,11:16:38 AM,22.5,0.182,0.09,7.67,88.6,-0.001,7.45,1.81,
TNC,SLABS,H3a,4,11/12/2019,,2019,111,,Auwai 1,,,138.74,22.31,15.21,10671.79,0.65,0.8054,,4.63,,11:01:04 AM,22.1,0.211,0.1,2.1,24.1,0,6.93,8.02,
TNC,SLABS,H4a,5,11/12/2019,,2019,111,,DS Loi 1,,,219.93,24.2,16.45,11371.59,3,14.9358,,40.3,,11:05:37 AM,29.7,0.216,0.1,6.41,84.4,-0.003,7.16,63.51,
TNC,SLABS,H5,6,11/12/2019,,2019,111,,Wai 2,,,164.5,22.62,13.94,11618.83,2.28,5.3331,,5.75,,10:45:33 AM,24.1,0.204,0.1,2.14,25.5,-0.002,6.82,5.13,
TNC,SLABS,HW,6,11/12/2019,,2019,111,,Wetland,,,148.56,15.13,12.14,10349.96,6.36,6.8928,,4.07,,10:40:17 AM,23.7,0.243,0.11,1,11.9,-0.001,6.59,6.99,
TNC,SLABS,H4b,7,11/12/2019,,2019,111,,New bridge,,,206.63,88.16,37.46,7606.34,0.37,14.0922,,9.13,,9:50:10 AM,23.7,0.212,0.1,2.04,24.1,0.117,6.97,8.67,
TNC,SLABS,H6,9,11/12/2019,,2019,111,,Makaha Nui,,,122.68,7.97,5.88,1269.66,7.51,11.0854,,12.7,,9:23:14 AM,26.5,48.323,31.47,5.11,75.9,0.294,7.84,1.04,
TNC,SLABS,H1,1,12/11/2019,,2019,112,,Papahana,,,160.1,32.03,30.96,12723.74,106.22,1.3632,,0.61,,1:24:50 PM,20.8,0.153,0.07,9,100.6,-0.008,7.85,0.04,
TNC,SLABS,H2,2,12/11/2019,,2019,112,,Alaloa,,,294.31,31.96,28.83,13359.49,230.72,1.759,,3.59,,1:04:16 PM,23.8,0.179,0.08,8.5,100.6,-0.012,7.8,4.24,
TNC,SLABS,H3b,3,12/11/2019,,2019,112,,Haptuk,,,292.57,23.37,21.14,12204.46,229.55,5.9971,,3.91,,12:18:53 PM,22.4,0.18,0.08,7.51,86.6,-0.013,7.57,2.22,
TNC,SLABS,H3a,4,12/11/2019,,2019,112,,Auwai 1,,,107.94,10.89,9.6,8538.42,1.99,0.5388,,21.83,,12:05:38 PM,21.9,0.208,0.1,2.28,26,-0.018,7.26,6.26,
TNC,SLABS,H4a,5,12/11/2019,,2019,112,,DS Loi 1,,,159.69,15.63,14.49,8598.64,5.6,11.3485,,43.61,,11:55:50 AM,27.5,0.222,0.1,7.02,88.9,-0.015,7.76,33.41,
TNC,SLABS,HW,6,12/11/2019,,2019,112,,Wetland,,,137.3,13.52,12.77,5982.54,11.51,7.7809,,3.51,,12:41:47 PM,23.7,0.205,0.1,2.19,25.9,-0.007,6.93,5.33,
TNC,SLABS,H4b,7,12/11/2019,,2019,112,,New bridge,,,196.22,47.4,22.77,6170.76,3.54,27.2473,,9.67,,11:42:42 AM,24.9,0.299,0.14,1.93,23.3,-0.021,7.69,9.46,
TNC,SLABS,H5,8,12/11/2019,,2019,112,,Wai 2,,,140.35,16.18,12.23,10431.29,4.23,8.6439,,4.42,,10:57:03 AM,23.7,0.225,0.11,2.78,32.8,-0.003,7.81,8.18,
TNC,SLABS,H6,9,12/11/2019,,2019,112,,Makaha Nui,,,103.99,8.06,5.56,580.52,13.77,9.568,,3.49,,10:28:43 AM,26,49.889,32.63,6.27,92.9,0.002,7.89,0.06,
NERR,,,10,12/11/2019,,2019,112,,Stream Mouth,,,,,,,,,,,,11:30:18 AM,27.9,42.277,27.07,6.08,90.1,-0.029,7.59,3.81,
NERR,SLABS,,1,1/9/2020,,2020,1,,1 PAPAHANA,,1,155.1764909,34.41546806,30.60673306,10421.66216,60.87020868,0.28,0.9675,35.7,,11:28:06 AM,20.3,0.15,0.07,9.08,100.5,-0.001,7.56,32.51,
NERR,SLABS,,2,1/9/2020,,2020,1,,1 ALALOA BRIDGE,,1,283.1983532,39.53794606,37.05520801,13524.88614,194.8189594,2.067214015,1.59,18.86666667,,11:15:12 AM,21.6,0.184,0.09,8.81,100,-0.003,7.44,20.8,
NERR,SLABS,,3,1/9/2020,,2020,1,,1 HAPTUK,,1,331.4694067,31.01635629,29.01636864,12732.26851,215.2054084,8.120510263,1.2375,17.45,,10:48:56 AM,21.4,0.183,0.09,7.79,88.1,-0.002,7.25,15,
NERR,SLABS,,4,1/9/2020,,2020,1,,1 AUWAI 1 ,,1,221.6690263,22.49537266,17.05467753,12961.33307,33.97530591,0.551811362,0.26575,6.033333333,,10:40:21 AM,21.7,0.199,0.09,3.85,43.8,0,7.07,9.11,
NERR,SLABS,,5,1/9/2020,,2020,1,,1 DS LOI 1,,1,228.7539358,18.98629951,16.96978263,12438.86433,27.73258071,7.230873071,1.3175,45.23333333,,10:35:00 AM,22.6,0.224,0.11,6.23,72,-0.003,7.06,40.71,
NERR,SLABS,,6,1/9/2020,,2020,1,,1 WETLAND,,1,215.1027548,14.67392244,10.88494082,13277.02356,22.80204888,2.489933901,0.63125,4.293333333,,10:04:29 AM,22,0.219,0.1,2.81,32.1,-0.004,7.02,5.99,
NERR,SLABS,,7,1/9/2020,,2020,1,,1 NEW BRIDGE,,1,228.612489,16.28936539,11.93339281,11152.65328,1.841119929,10.00218263,0.82,10.53333333,,9:54:22 AM,22,0.258,0.12,3.16,36.1,0.002,6.8,13.62,
NERR,SLABS,,8,1/9/2020,,2020,1,,1 WAI 2,,1,207.8041037,12.81100856,11.08798112,13517.13438,15.15032915,3.43427087,0.785,6.422222222,,9:09:48 AM,21.8,0.243,0.12,3.74,42.7,-0.001,7.05,10.48,
NERR,SLABS,,9,1/9/2020,,2020,1,,1 MAKAHA NUI,,1,123.5992946,8.728351909,6.648685419,2085.223884,6.305361242,4.057410743,1.3825,4.219047619,,8:38:12 AM,22.2,2.421,1.25,7.6,87.8,0.001,7.81,8.31,
NERR,SLABS,,1,2/10/2020,,2020,2,,1 PAPAHANA,,1,166.5647779,35.50410591,28.54237212,16778.68809,113.0119459,0.28,0.17,0.513333333,,11:45:11 AM,19.3,0.162,0.08,9.18,99.5,-0.007,7.85,0.29,
NERR,SLABS,,2,2/10/2020,,2020,2,,1 ALALOA BRIDGE,,1,353.7249493,33.07752967,28.37045996,16311.83825,309.2660274,1.927182583,0.377,1.293333333,,11:26:51 AM,20.3,0.189,0.09,8.99,99.5,0,7.58,2.83,
NERR,SLABS,,3,2/10/2020,,2020,2,,1 HAPTUK,,1,384.0201668,26.53690491,22.13068496,15263.41248,307.5471427,6.282597717,0.192,6.644444444,,11:06:40 AM,19.9,0.192,0.09,8.02,88.1,-0.002,7.4,3.18,
NERR,SLABS,,4,2/10/2020,,2020,2,,1 AUWAI 1,,1,152.7846267,10.62836013,9.009471038,15420.38566,8.016822501,1.462034954,0.0725,13.65555556,,10:48:25 AM,19.2,0.238,0.11,3.47,37.5,0,7.06,8.85,
NERR,SLABS,,5,2/10/2020,,2020,2,,1 DS LOI 1,,1,169.2968035,13.12617531,11.33063904,13574.10983,5.615454104,16.25196048,1.825,33.73333333,,10:56:36 AM,21.2,0.236,0.11,7.11,80,-0.001,7.19,19.43,
NERR,SLABS,,6,2/10/2020,,2020,2,,1 WETLAND,,1,150.0916382,11.60789549,9.902989838,12946.79851,15.17917341,2.291019548,0.3145,2.7,,10:35:09 AM,20.1,0.216,0.1,2.47,27.2,0.021,6.92,2.74,
NERR,SLABS,,7,2/10/2020,,2020,2,,1 NEW BRIDGE,,1,186.043939,13.01041204,8.315455247,10466.23479,0.343975767,12.58313696,0.44325,5.888888889,,10:28:17 AM,20.1,0.247,0.12,2.24,24.7,0.028,6.79,5.59,
NERR,SLABS,,8,2/10/2020,,2020,2,,1 WAI 2,,1,151.3857186,11.02017428,8.624614167,14606.25689,2.92279987,0.28,0.585,5.266666667,,9:33:37 AM,19.7,0.228,0.11,3.39,37.1,0.007,7.13,4.33,
NERR,SLABS,,9,2/10/2020,,2020,2,,1 MAKAHA NUI,,1,109.8450147,10.66843203,6.071400113,529.2804869,4.898672231,17.3025819,0.7575,2.301960784,,9:13:45 AM,22.3,52.09,34.33,6.35,89,0.011,7.86,1.37,
NERR,SLABS,,12,2/10/2020,,2020,2,,1 REEF 9,,1,87.10100942,8.085471321,2.941136573,111.1085837,2.166252013,0.28,0.645,1.096666667,,2:48:03 PM,24.3,53.714,35.5,8.49,124.3,0.416,7.9,0.12,
NERR,SLABS,,1,3/6/2020,,2020,3,,1 PAPAHANA,,1,154.0852707,35.84252338,27.25321256,13983.23801,89.56730287,0.28,0.181,0.849122807,,10:14:29 AM,20.1,0.161,0.08,9.65,106.4,,7.86,0.27,
NERR,SLABS,,2,3/6/2020,,2020,3,,1 ALALOA BRIDGE,,1,385.8000352,31.90020075,27.02829612,14338.61424,287.4467129,1.333806649,0.329,2.422222222,,9:55:17 AM,21.8,0.19,0.09,9.21,105,,7.57,1.91,
NERR,SLABS,,3,3/6/2020,,2020,3,,1 HAPTUK,,1,401.4293183,24.51933234,19.50175454,13928.26164,296.6457615,4.898567878,0.2665,5.066666667,,9:32:47 AM,21.4,0.195,0.09,8.01,90.6,,7.38,3.11,
NERR,SLABS,,4,3/6/2020,,2020,3,,1 AUWAI 1,,1,178.7819706,14.36047853,12.10647335,12551.97619,29.97510527,0.28,0.10525,4.383333333,,9:08:07 AM,21.3,0.193,0.09,5.44,61.4,,8.16,4.47,
NERR,SLABS,,5,3/6/2020,,2020,3,,1 DS LOI 1,,1,183.7687458,8.4006153,7.584020857,12143.49992,14.20746126,5.090964055,1.44,28.95555556,,9:18:05 AM,22.1,0.233,0.11,6.87,78.8,,7.88,32.81,
NERR,SLABS,,6,3/6/2020,,2020,3,,1 WETLAND,,1,199.1304458,11.71872745,7.652134355,11889.25768,11.1813097,1.352029966,0.7075,4.155555556,,8:40:47 AM,22.1,0.213,0.1,2.47,28.3,,7.46,3.93,
NERR,SLABS,,7,3/6/2020,,2020,3,,1 NEW BRIDGE,,1,264.7187019,12.04022643,9.297501052,10763.08654,1.598232573,8.035431597,0.6825,13.25,,8:29:01 AM,21.3,0.262,0.12,4,45.2,,7.58,12.24,
NERR,SLABS,,8,3/6/2020,,2020,3,,1 WAI 2,,1,203.4056933,9.528894751,7.479012547,11746.09397,2.928169072,1.227270332,0.82,6.266666667,,7:26:05 AM,21.7,0.225,0.11,4.26,48.5,,7.73,7,
NERR,SLABS,,9,3/6/2020,,2020,3,,1 MAKAHA NUI,,1,108.3346495,7.475547469,1.925633877,845.5754147,4.770993623,4.422658936,0.72,13.49444444,,6:54:36 AM,23.2,47.704,31.09,6.52,91.2,,7.87,1.33,
NERR,SLABS,,10,3/6/2020,,2020,3,,Stream Mouth,,,,,,,,,,,,8:16:10 AM,22.4,35.312,22.27,6.16,80.8,,7.23,11.03,
NERR,SLABS,,12,3/6/2020,,2020,3,,1 REEF 9,,1,56.93305606,5.510157456,0.450035817,156.8453346,3.300747188,0.28,0.481,1.047058824,,7:52:08 AM,24.3,51.725,34.02,6.78,98.5,,7.37,-0.25,
NERR,SLABS,,1,4/7/2020,,2020,4,,Papahana,,1,154.8451639,26.03484819,24.58972134,18852.54572,95.84749313,1.427759897,,11.22222222,,10:39:15 AM,20.9,0.155,99,-0.013,8.85,,7.79,0.11,
NERR,SLABS,,2,4/7/2020,,2020,4,,Alaloa,,,,,,,,,,,,11:05:04 AM,23,0.206,100.8,-0.044,8.64,,7.61,2.43,
NERR,SLABS,,3,4/7/2020,,2020,4,,Haptuk,,1,339.0723538,19.75496743,17.33994438,18544.72267,257.6752363,6.578477239,,,,11:41:44 AM,22.4,0.184,85.6,-0.054,7.42,,7.54,3.16,
NERR,SLABS,,4,4/7/2020,,2020,4,,Auwai 1,,1,116.1309253,13.36958328,11.14709803,17064.25717,7.350014982,1.648294893,,3.875555556,,11:17:40 AM,21.7,0.197,47.6,-0.054,4.19,,7.27,5.04,
NERR,SLABS,,5,4/7/2020,,2020,4,,DS Loi,,1,164.0712615,21.80270504,17.02564299,16397.36599,4.092224521,5.287939117,,,,11:25:47 AM,25.3,0.232,92.4,-0.057,7.59,,7.48,22.49,
NERR,SLABS,,6,4/7/2020,,2020,4,,KB,,1,187.7112945,23.72867299,15.6317023,16672.51443,1.001820533,4.225287156,,,,9:56:22 AM,23.1,0.22,13.1,-0.047,1.12,,7.11,1.18,
NERR,SLABS,,7,4/7/2020,,2020,4,,New Bridge,,1,225.877273,59.44322413,22.32147503,16491.62872,0.885649324,8.162245226,,1.653333333,,9:42:00 AM,23.2,0.26,14.1,-0.036,1.21,,6.88,7.1,
NERR,SLABS,,8,4/7/2020,,2020,4,,Wai 2,,1,160.0035252,28.36595502,16.97422714,17221.87103,0.327278029,1.612355857,,,,9:15:15 AM,23.2,0.226,21.3,-0.033,1.82,,7.19,9.34,
NERR,SLABS,,9,4/7/2020,,2020,4,,Makaha Nui,,1,117.2333408,12.67149781,9.843135073,1295.701147,4.539421218,17.82576201,,6.257142857,,8:57:37 AM,26.1,49.072,77.3,-0.022,5.23,,8.07,1.06,
NERR,SLABS,,1,5/7/2020,,2020,5,,PAPAHANA [A],,1,164.0362415,27.28454899,24.26194728,18766.90884,79.76877593,9.304931676,0.27525,0.655913978,,10:25:47 AM,20.7,0.159,0.07,9.31,103.9,-0.099,8.02,0.65,
NERR,SLABS,,2,5/7/2020,,2020,5,,ALALOA B. [A],,1,267.647318,22.84188179,19.97131541,19171.64464,185.7487285,4.926955413,0.79,1.68707483,,9:55:51 AM,24.3,0.209,0.1,9.02,107.7,-0.074,8,1.57,
NERR,SLABS,,3,5/7/2020,,2020,5,,HAPTUK [A],,1,311.8471663,18.19618948,15.03396519,17240.87914,206.5707852,10.09233161,0.411,2.873333333,,9:32:04 AM,22.1,0.191,0.09,7.79,89.4,-0.062,7.7,3.36,
NERR,SLABS,,4,5/7/2020,,2020,5,,AUWAI 1 [A],,1,92.24980927,14.16604307,9.373937405,13734.33193,2.020448794,1.118325491,0.09075,4.311111111,,9:22:52 AM,22.6,0.212,0.1,3.45,39.9,-0.055,7.2,5.36,
NERR,SLABS,,5,5/7/2020,,2020,5,,DS LOI 1 [A],,1,118.0289003,10.89375594,8.323996216,15025.10572,0.88834409,13.48658075,1.7825,38.51111111,,9:17:06 AM,25.2,0.222,0.1,6.26,76,-0.05,7.5,15.21,
NERR,SLABS,,6,5/7/2020,,2020,5,,WETLAND [A],,1,105.3215997,14.04661653,8.490112672,10616.69034,1.70820904,11.12126664,0.9925,4.133333333,,8:53:09 AM,24.5,0.229,0.11,1.01,12.1,0.04,7.01,3.36,
NERR,SLABS,,7,5/7/2020,,2020,5,,NEW BRIDGE [A],,1,170.6428584,36.19426795,8.919601799,10481.7138,0.596836553,21.27936107,13.5,13.23333333,,8:42:11 AM,23.6,0.284,0.13,1.85,21.9,-0.064,7.24,17.11,
NERR,SLABS,,8,5/7/2020,,2020,5,,WAI 2 [A],,1,118.3030466,21.60930203,7.276894625,13432.46002,1.048547586,9.271104453,1.2075,4.1,,8:00:48 AM,24,0.229,0.11,3.08,36.7,0.182,7.57,10.35,
NERR,SLABS,,9,5/7/2020,,2020,5,,MAKAHA NUI [A],,1,102.7764013,3.737120669,3.335533245,1805.222451,3.150040502,7.69711969,0.68,15.43333333,,7:32:52 AM,24.2,48.537,31.68,6.09,87,-0.057,7.78,12.25,
NERR,SLABS,,12,5/7/2020,,2020,5,,REEF 9 [A],,1,88.29057556,5.083654881,4.464273266,234.8305438,6.59849928,3.046895415,0.39975,8.335403727,,7:18:30 AM,25.2,53.375,35.23,6.33,93.9,0.601,7.96,0.27,
NERR,SLABS,,1,6/5/2020,,2020,6,,PAPAHANA A,,1,110.2262779,33.28968519,26.27086722,12892.95056,82.71611209,0.400669075,0.28625,0.324666667,,10:20:05 AM,21.2,0.149,0.07,9.3,104.8,-0.061,8.05,0.28,
NERR,SLABS,,2,6/5/2020,,2020,6,,ALALOA BRIDGE A,,1,252.6144963,28.17223969,21.8256653,14599.62806,193.3638701,1.235373842,0.4285,0.731182796,,9:40:59 AM,24.1,0.174,0.08,9.14,108.9,-0.053,8,1.78,
NERR,SLABS,,3,6/5/2020,,2020,6,,HAPTUK A,,1,265.4889007,21.50911679,15.87418724,13655.43179,208.7006241,4.727067062,0.1615,3.979166667,,9:13:54 AM,22.7,0.177,0.08,7.22,83.8,-0.061,7.57,3.17,
NERR,SLABS,,4,6/5/2020,,2020,6,,AUWAI 1 A,,1,115.6210831,16.47374574,12.3495736,10438.40714,2.578013108,2.608013206,0.09625,7.74,,9:02:14 AM,23.6,0.208,0.1,2.28,26.8,-0.063,7.18,8.13,
NERR,SLABS,,5,6/5/2020,,2020,6,,DS LOI 1 A,,1,142.4026667,19.19521232,10.68361281,8797.409773,0.790402495,2.947500895,1.19,29.59298246,,8:52:02 AM,25.6,0.237,0.11,5.7,69.7,-0.058,7.52,20.9,
NERR,SLABS,,6,6/5/2020,,2020,6,,WETLAND A,,1,102.1116184,20.47679782,12.08163697,7424.458349,1.767359617,8.408530443,0.955,6.857777778,,8:31:55 AM,25.5,0.205,0.1,1.39,17,-0.054,6.96,4.49,
NERR,SLABS,,7,6/5/2020,,2020,6,,NEW BRIDGE A,,1,126.7025647,19.92276323,9.532637734,6691.444417,0.532662551,0.28,4.1875,21.5625,,8:16:24 AM,24.7,0.309,0.15,1.44,17.3,-0.043,7.06,29.02,
NERR,SLABS,,8,6/5/2020,,2020,6,,WAI 2 A,,1,103.2149555,15.03082051,12.54260321,11024.26207,1.529870669,4.471793005,0.8075,8.446666667,,7:30:51 AM,24.8,0.239,0.11,3.06,36.8,-0.034,7.33,8.29,
NERR,SLABS,,9,6/5/2020,,2020,6,,MAKAHA NUI A,,1,94.65126347,6.996054498,3.999602368,1167.390366,3.089810998,7.556591148,0.64,30.93617021,,7:06:21 AM,25.4,48.832,31.87,5.62,82,-0.035,7.88,2.52,
NERR,SLABS,,12,6/22/2020,,2020,6,,REEF9 A 6/22,,1,107.9468296,6.280193965,3.799702589,327.900474,2.88170853,2.180818944,0.9075,0.884353741,,7:55:39 AM,25.3,22.215,13.36,4.64,61,-0.034,7.09,13.1,
NERR,SLABS,,1,7/7/2020,,2020,7,,PAPAHANA A,,1,130.9724574,33.05868051,30.52295447,18915.29375,80.91055015,1.222891966,0.296,0.640264026,,11:12:19 AM,21.3,0.147,0.07,9.61,108.5,-0.011,7.93,0.27,
NERR,SLABS,,2,7/7/2020,,2020,7,,ALALOA BRIDGE A,,1,265.8936823,27.53184228,26.46936793,19019.71623,187.2644467,3.615589114,0.6825,1.703703704,,10:53:38 AM,23.8,0.17,0.08,9.38,111.1,-0.003,7.97,1.21,
NERR,SLABS,,3,7/7/2020,,2020,7,,HAPTUK A,,1,270.0044813,23.23375111,21.66891904,18788.36946,181.7773236,6.145743112,0.20725,2.575,,10:28:54 AM,23.2,0.176,0.08,7.27,85,-0.006,7.42,2.64,
NERR,SLABS,,4,7/7/2020,,2020,7,,AUWAI1 A,,1,135.4043188,20.50531567,19.18055776,16989.57217,0.625707917,1.931299781,0.12125,6.322222222,,10:10:30 AM,24,0.2,0.09,2.38,28.3,-0.007,7.06,7.05,
NERR,SLABS,,5,7/7/2020,,2020,7,,DS LOI 1 A,,1,116.0175506,16.40384505,15.32873024,16849.58042,0.670627292,0.28,0.75,25.11111111,,10:18:35 AM,26.3,0.247,0.12,4.8,59.6,-0.01,7.14,16.86,
NERR,SLABS,,6,7/7/2020,,2020,7,,WETLAND A,,1,128.0678928,27.81233737,27.30613693,16923.29729,0.895224168,7.541579003,1.9275,5.866666667,,9:44:46 AM,26.3,0.21,0.1,1.33,16.4,-0.003,6.87,3.62,
NERR,SLABS,,7,7/7/2020,,2020,7,,NEW BRIDGE A,,1,149.6600898,24.45406596,19.70159159,17042.25219,0.577625206,0.28,13.25,17.06666667,,9:29:09 AM,25.2,0.282,0.13,1.53,18.6,0.023,6.81,29.51,
NERR,SLABS,,8,7/7/2020,,2020,7,,WAI 2 A,,1,134.8252063,21.59195331,19.59540263,16894.29105,0.752874036,12.94037735,1.27,6.626666667,,8:32:09 AM,25.9,0.434,0.21,2.82,34.7,0.002,7.15,7.62,
NERR,SLABS,,9,7/7/2020,,2020,7,,MAKAHA NUI A,,1,121.2535683,4.925538698,2.743214783,985.0403133,4.748167763,10.48795757,0.9825,1.850980392,,8:05:50 AM,26.3,47.714,31.04,5.67,83.7,0.009,7.85,1.3,
NERR,SLABS,,12,7/7/2020,,2020,7,,REEF9 A,,1,114.5112578,5.897243611,4.093938346,265.4120122,6.297569875,9.645678878,0.575,0.942307692,,7:20:41 AM,27.3,51.435,33.73,6.47,98.6,1.348,7.79,-0.04,
NERR,SLABS,,1,8/4/2020,,2020,8,,PAPAHANA [A],,1,139.395318,43.93986906,35.94184606,16878.97829,106.9654168,0.900595073,1.035,3.604166667,,10:13:33 AM,21.1,0.147,0.07,9.37,105.3,-0.016,7.87,1.39,
NERR,SLABS,,2,8/4/2020,,2020,8,,ALALOA B. [A],,1,247.3103414,30.57355057,26.89121081,16408.11972,200.7237178,1.742374071,0.8,1.806666667,,9:54:13 AM,23.3,0.174,0.08,8.97,105.3,-0.007,7.76,1.3,
NERR,SLABS,,3,8/4/2020,,2020,8,,HAPTUK [A],,1,239.7031368,24.56735468,21.04560646,17274.91174,189.0801492,2.929123946,0.26525,3.973333333,,9:34:47 AM,22.9,0.179,0.08,6.87,79.9,-0.01,7.3,2.27,
NERR,SLABS,,4,8/4/2020,,2020,8,,AUWAI 1 [A],,1,94.39516782,13.42574282,11.16581256,14587.45116,0.919954723,0.725398254,0.059,12.3,,9:12:30 AM,23.7,0.201,0.09,1.78,21.1,-0.007,6.9,9.64,
NERR,SLABS,,5,8/4/2020,,2020,8,,DS LOI 1 [A],,1,97.74160635,13.22192575,11.6716065,15146.14697,0.959435069,0.553121383,1.0625,21.82222222,,9:18:38 AM,26.3,0.227,0.11,5.38,66.6,-0.013,7.07,16.52,
NERR,SLABS,,6,8/4/2020,,2020,8,,WETLAND [A],,1,100.8564153,15.84008037,12.5701598,12302.23534,0.552724841,8.325603083,1.435,5.577777778,,8:51:02 AM,25.7,0.204,0.1,1.68,20.6,-0.001,6.8,4.42,
NERR,SLABS,,7,8/4/2020,,2020,8,,NEW BRIDGE [A],,1,131.2090394,13.42574282,10.77305319,14472.51581,0.810287096,0.884743932,18.75,13,,8:39:58 AM,24.5,0.275,0.13,2.2,26.5,0.004,6.74,17.77,
NERR,SLABS,,8,8/4/2020,,2020,8,,WAI 2 [A],,1,110.1916987,19.50014947,11.93630771,14340.32568,0.751379914,16.9934212,1.0225,7.7,,8:04:07 AM,24.9,0.466,0.22,2.55,30.9,0.01,7.01,7.87,
NERR,SLABS,,9,8/4/2020,,2020,8,,MAKAHA NUI [A],,1,146.3655411,8.456786376,6.479017468,690.2573386,4.867989298,11.61663481,0.92,2.337777778,,7:32:37 AM,25.2,50.909,33.4,4.88,71.7,0.013,7.63,1.44,
NERR,SLABS,,12,8/4/2020,,2020,8,,REEF 9 [A],,1,85.33113485,8.420251633,4.634846692,242.2073111,2.525488784,0.81398018,0.9,1.003115265,,7:15:30 AM,26.6,52.748,34.73,6.67,100.9,1.4,7.86,0.44,
NERR,SLABS,,1,9/2/2020,,2020,9,,PAPAHANA A,,1,105.4822107,32.63503376,30.05480011,13604.65459,66.05125669,3.411280086,0.765,1.488888889,,11:07:59 AM,21.4,0.151,0.07,9.15,103.5,,8,0.61,
NERR,SLABS,,2,9/2/2020,,2020,9,,ALALOA BRIDGE A,,1,238.7458943,30.90508177,28.26070099,13367.44598,168.6007597,2.651386795,1.83,2.236666667,,10:41:08 AM,23.4,0.172,0.08,8.63,101.4,,7.88,2.21,
NERR,SLABS,,3,9/2/2020,,2020,9,,HAPTUK A,,1,231.5704472,21.5543607,20.62561996,12852.81451,163.1012869,7.394182183,1.235,2.266666667,,10:12:47 AM,23.2,0.18,0.08,6.84,80.1,,7.57,2.26,
NERR,SLABS,,4,9/2/2020,,2020,9,,AUWAI 1 A,,1,93.72401968,12.48205201,11.97576812,10376.76441,3.346616819,0.714182072,0.0805,47.26666667,,9:39:49 AM,24,0.2,0.09,1.33,15.8,,7.09,5.44,
NERR,SLABS,,5,9/2/2020,,2020,9,,DS LOI 1 A,,1,103.6152762,15.47015209,12.19531732,10326.35758,0.48419137,3.033869302,1.2175,20.5,,9:50:11 AM,25.6,0.311,0.15,4.6,56.3,,7.29,20.07,
NERR,SLABS,,6,9/2/2020,,2020,9,,WETLAND A,,1,83.96214726,17.12958536,11.66438825,9603.056666,1.593125823,5.624813162,0.20175,6.933333333,,9:18:28 AM,25.9,0.2,0.09,2.14,26.3,,7.13,4.41,
NERR,SLABS,,7,9/2/2020,,2020,9,,NEW BRIDGE A,,1,87.58439831,15.86065121,9.7359441,8259.67764,1.357221844,5.8032085,6.225,9.644444444,,9:05:14 AM,24.9,0.22,0.1,1.61,19.5,,6.97,13.2,
NERR,SLABS,,8,9/2/2020,,2020,9,,WAI 2 A,,1,90.74209724,11.37206495,10.59303039,9839.153353,0.879703895,13.68528789,1.84,36.73333333,,8:00:36 AM,24.9,0.348,0.17,3.08,37.2,,7.22,6.86,
NERR,SLABS,,9,9/2/2020,,2020,9,,MAKAHA NUI A,,1,143.1046554,6.486707858,3.478791974,1747.374926,11.44681027,11.20423261,0.5975,1.517647059,,7:22:28 AM,24.9,48.573,31.69,5.39,78.1,,7.91,1.07,
NERR,SLABS,,10,9/2/2020,,2020,9,,Stream Mouth,,1,,,,,,,,,,8:37:32 AM,25.2,36.516,23.07,5.6,77.5,,7.62,12.23,
NERR,SLABS,,12,9/2/2020,,2020,9,,REEF 9 A HEEIA 9/2,,1,81.66449754,7.586089953,3.933723244,170.8699218,3.728025877,1.817175573,0.48375,1.49,,6:42:26 AM,27.2,53.269,35.09,6.31,96.7,,8.07,1.28,
NERR,SLABS,,1,10/2/2020,,2020,10,,PAPAHANA A,,1,122.6153743,31.18511598,27.62879684,18602.82743,90.70944889,2.548328374,0.273,0.641269841,,9:41:31 AM,21.1,0.07,0.157,8.93,100.3,-0.013,8.08,0.31,
NERR,SLABS,,2,10/2/2020,,2020,10,,ALALOA BRIDGE A,,1,258.0697952,34.38766774,28.5954326,19140.95979,186.5645634,3.900530311,0.39325,2.116666667,,9:20:12 AM,22.9,0.07,0.145,7.94,92.5,-0.01,7.63,1.26,
NERR,SLABS,,3,10/2/2020,,2020,10,,HAPTUK A,,1,229.9007285,31.29337301,22.06145259,17004.07164,154.7058939,4.80260146,0.073,2.483333333,,9:00:15 AM,22.9,0.08,0.179,6.72,78.1,0.062,7.54,2.76,
NERR,SLABS,,4,10/2/2020,,2020,10,,AUWAI 1 A,,1,99.35699507,14.60179425,11.39878938,15613.36903,0.630017786,1.18662619,0.06375,8.266666667,,8:48:43 AM,23.1,0.09,0.196,1.96,22.9,-0.015,7.11,4.41,
NERR,SLABS,,5,10/2/2020,,2020,10,,DS LOI 1 A,,1,113.559261,14.63500045,12.73241234,15988.99903,1.007778699,12.61204663,3.21,35.28888889,,8:41:26 AM,24.8,0.11,0.235,4.24,51.2,-0.01,7.18,25.95,
NERR,SLABS,,6,10/2/2020,,2020,10,,WETLAND A,,1,97.22541589,16.43325216,13.44452065,16026.72919,1.216952097,8.428981763,0.56775,12.86666667,,8:19:24 AM,25.9,0.09,0.203,1.46,17.9,-0.01,7.03,9.05,
NERR,SLABS,,7,10/2/2020,,2020,10,,NEW BRIDGE A,,1,110.8576083,19.94333762,11.67969995,15262.33527,1.53539518,9.828259799,1.17,7.233333333,,8:08:50 AM,25.8,0.09,0.194,0.76,9.4,-0.007,6.97,9.87,
NERR,SLABS,,8,10/2/2020,,2020,10,,WAI 2 A,,1,112.4717838,14.877467,13.37780439,16844.07666,0.83731799,18.72860756,1.165,9.416666667,,7:37:59 AM,25.3,0.15,0.319,2.53,30.8,0.051,7.14,9.93,
NERR,SLABS,,9,10/2/2020,,2020,10,,MAKAHA NUI A,,1,153.6595942,12.12152401,5.862744189,1368.829433,8.561123756,28.78936998,0.745,2.195555556,,7:16:18 AM,28.1,33.89,51.677,4.74,73.3,0.278,7.8,1.05,
NERR,SLABS,,12,10/2/2020,,2020,10,,REEF 9 A,,1,104.8855367,7.489424647,3.532590956,257.5501587,10.08514596,11.36727269,0.6,1.003333333,,6:40:51 AM,27.7,34.85,52.964,4.98,77,2.477,7.91,0.15,
NERR,SLABS,,13,10/2/2020,,2020,10,,KAHOOKELE A,,1,188.7822508,9.75820801,5.145719943,1244.267824,11.44584345,43.52877824,0.52975,2.164102564,,7:05:30 AM,28.4,34.12,51.997,3.64,56.6,0.965,7.71,1.06,
NERR,SLABS,,1,10/30/2020,,2020,11,,PAPAHANA A,,1,129.8534936,31.62099764,29.99387202,19050.14315,98.75792987,0.943736644,0.218,0.625396825,,9:51:07 AM,20.5,0.151,0.07,9.13,101.5,,7.87,0.41,
NERR,SLABS,,2,10/30/2020,,2020,11,,ALALOA BRIDGE A,,1,273.5123786,29.09233657,27.95474648,19561.41236,223.834983,1.040537128,0.3455,2.633333333,,9:31:33 AM,21.8,0.175,0.08,8.22,93.6,,7.6,1.59,
NERR,SLABS,,3,10/30/2020,,2020,11,,HAPTUK A,,1,259.1998993,19.44799472,19.1476662,18508.89384,196.3655989,2.609478707,0.1125,1.753333333,,9:08:22 AM,21.7,0.185,0.09,6.94,79,,7.36,2.23,
NERR,SLABS,,4,10/30/2020,,2020,11,,AUWAI 1 A,,1,119.5047009,15.15919115,11.92402931,14349.37601,1.330043946,0.28,0.044075,5.253333333,,8:47:11 AM,21.9,0.199,0.09,2.16,24.7,,6.97,4.09,
NERR,SLABS,,5,10/30/2020,,2020,11,,DS LOI 1 A,,1,115.180952,11.85713986,10.87533618,15202.00041,0.661261518,0.286445966,1.775,8.94,,8:39:45 AM,22.9,0.266,0.13,4.89,56.9,,7.22,15,
NERR,SLABS,,6,10/30/2020,,2020,11,,WETLAND A,,1,210.9905484,13.5680555,10.67627869,11846.39936,0.380673735,7.910651402,0.9225,6.111111111,,8:26:20 AM,23.1,0.248,0.12,1.08,12.6,,6.84,8.61,
NERR,SLABS,,7,10/30/2020,,2020,11,,NEW BRIDGE A,,1,220.7542397,14.54738107,7.521876333,11200.9029,0.404972059,7.477308367,0.6125,10.77777778,,8:16:11 AM,22.9,0.281,0.13,1.17,13.6,,6.84,14.47,
NERR,SLABS,,8,10/30/2020,,2020,11,,WAI 2 A,,1,197.3201804,13.27330723,11.42187731,14019.03228,0.511421857,8.467317355,1.1025,8.166666667,,7:38:48 AM,22.6,0.378,0.18,2.36,27.3,,7.14,13.71,
NERR,SLABS,,9,10/30/2020,,2020,11,,MAKAHA NUI A,,1,132.4789484,6.342876449,3.960342449,688.056063,11.16920856,23.63132613,1.1225,2.414285714,,7:09:08 AM,26.3,51.94,34.14,4.42,66.3,,7.84,1.48,
NERR,SLABS,,12,10/30/2020,,2020,11,,REEF 9 A,,1,92.19697062,5.730418971,3.159257418,291.5146909,3.999542331,2.228376632,0.73,1.201,,6:41:55 AM,27.3,52.807,34.75,5.06,77.6,,7.95,0.88,
NERR,SLABS,,13,10/30/2020,,2020,11,,KAHOOKELE A,,1,135.8935399,6.697616671,4.541562584,623.774827,16.32026747,20.47374556,0.59375,3.383333333,,6:48:35 AM,26,52.29,34.4,4.47,66.9,,7.68,1.34,
NERR,SLABS,,1,12/2/2020,,2020,12,,PAPAHANA A,,1,144.8382844,39.01617516,36.63883479,14338.45608,100.1742128,0.55180304,0.185,1.618122977,,,,,,,,,,,
NERR,SLABS,,2,12/2/2020,,2020,12,,ALALOA BRIDGE A,,1,332.1481552,30.5236887,30.18328261,13507.15681,234.5600874,4.151183217,0.28475,2.963333333,,,,,,,,,,,
NERR,SLABS,,3,12/2/2020,,2020,12,,HAPTUK A,,1,296.4015468,22.13212561,21.56502131,13113.67515,213.2041399,4.155482981,0.18825,2.942857143,,,,,,,,,,,
NERR,SLABS,,4,12/2/2020,,2020,12,,AUWAI 1 A,,1,116.6572762,20.54345689,18.59643041,10549.76346,1.654934527,2.564092568,0.08475,10.36190476,,,,,,,,,,,
NERR,SLABS,,5,12/2/2020,,2020,12,,DS LOI 1 A,,1,135.0889273,14.43177171,13.0296143,11599.23261,1.517744287,7.565673544,1.155,23.35,,,,,,,,,,,
NERR,SLABS,,6,12/2/2020,,2020,12,,WETLAND A,,1,225.2588476,16.86141279,15.49399797,10248.09419,0.418368437,4.57447109,1.1075,6.015873016,,,,,,,,,,,
NERR,SLABS,,7,12/2/2020,,2020,12,,NEW BRIDGE A,,1,364.2841205,20.71217091,17.34299388,7005.103365,5.386879864,10.58792985,1.09,10.15555556,,,,,,,,,,,
NERR,SLABS,,8,12/2/2020,,2020,12,,WAI 2 A,,1,247.5772135,15.35644319,14.70582009,11200.20896,1.920663372,14.46870569,0.5755,5.933333333,,,,,,,,,,,
NERR,SLABS,,9,12/2/2020,,2020,12,,MAKAHA NUI A,,1,165.3513286,7.336003099,4.237854724,914.8492429,12.09128042,40.72449761,1.125,,,,,,,,,,,,
NERR,SLABS,,10,12/2/2020,,2020,12,,STREAM MOUTH A,,1,143.8177503,11.91332587,10.3471185,3726.828502,7.185802347,23.89378826,1.6675,,,,,,,,,,,,
NERR,SLABS,,12,12/2/2020,,2020,12,,REEF9 A,,1,84.91215377,9.095652491,4.630173274,215.7553629,5.213847128,7.541785966,0.407,0.406666667,,,,,,,,,,,
NERR,SLABS,,13,12/2/2020,,2020,12,,KAHOOKELE A,,1,117.0046921,8.387544084,4.531304751,405.2347902,11.55178907,21.69756439,1.265,3.833333333,,,,,,,,,,,
NERR,SLABS,,1,12/29/2020,,2020,13,,PAPAHANA A,,1,148.8967515,31.03649997,30.56432822,13890.10214,79.23986214,0.60991502,0.166,0.866666667,,,,,,,,,,,
NERR,SLABS,,2,12/29/2020,,2020,13,,ALALOA BRIDGE A,,1,332.7310677,31.92138991,29.98594327,13662.42925,263.8154226,2.033864369,0.412,3.376666667,,,,,,,,,,,
NERR,SLABS,,3,12/29/2020,,2020,13,,HAPTUK A,,1,334.9320293,21.97962451,21.02632539,13513.56621,254.3866931,3.683721399,0.15325,3.633333333,,,,,,,,,,,
NERR,SLABS,,4,12/29/2020,,2020,13,,AUWAI 1 A,,1,135.0890357,13.94929733,12.09452134,10154.05865,11.40252867,0.28,0.067,30.38333333,,,,,,,,,,,
NERR,SLABS,,5,12/29/2020,,2020,13,,DS LOI 1 A,,1,142.7692496,14.82206566,12.59089116,10775.0193,5.159218287,4.005016129,1.715,14.51666667,,,,,,,,,,,
NERR,SLABS,,6,12/29/2020,,2020,13,,WETLAND A,,1,212.3789054,11.42151789,10.55548963,9126.104156,0.57106476,3.946169367,1.015,4.866666667,,,,,,,,,,,
NERR,SLABS,,7,12/29/2020,,2020,13,,NEW BRIDGE A,,1,297.9355005,12.04780206,9.343092087,6180.824177,0.812753566,14.73016067,0.6725,6.7,,,,,,,,,,,
NERR,SLABS,,8,12/29/2020,,2020,13,,WAI 2 A,,1,242.3249485,11.50194695,10.22956865,9555.179975,0.716838549,7.232138199,0.805,6.566666667,,,,,,,,,,,
NERR,SLABS,,12,12/29/2020,,2020,13,,REEF 9 A,,1,89.89369338,7.051128364,4.341595617,204.0788987,9.845881179,2.858148576,0.9525,1.35395189,,,,,,,,,,,
NERR,SLABS,,13,12/29/2020,,2020,13,,KAHOOKELE A,,1,139.4816983,7.908900679,4.587641002,445.0023922,12.74575834,19.79141175,0.9625,3.9875,,,,,,,,,,,
NERR,SLABS,,1,1/28/2021,,2021,14,,PAPAHANA A,,1,111.1590115,27.91984717,24.3559134,14550.13697,77.25139081,0.619670093,0.20775,0.956386293,,,,,,,,,,,
NERR,SLABS,,2,1/28/2021,,2021,14,,ALALOA BRIDGE A,,1,342.0902283,27.91681833,23.53299658,14725.07099,246.6236207,0.697640099,0.33125,3.166666667,,,,,,,,,,,
NERR,SLABS,,3,1/28/2021,,2021,14,,HAPTUK A,,1,334.0924792,21.40481232,16.8106076,14760.60446,233.7856216,3.323351698,0.15525,3.476190476,,,,,,,,,,,
NERR,SLABS,,4,1/28/2021,,2021,14,,AUWAI 1 A,,1,145.5723741,17.33708019,11.81748491,14193.70891,24.29870223,0.430365253,0.051425,3.7,,,,,,,,,,,
NERR,SLABS,,5,1/28/2021,,2021,14,,DS LOI 1 A,,1,148.2372799,18.90601931,12.34874403,13847.30311,12.66333246,2.83759725,1.03,30.17333333,,,,,,,,,,,
NERR,SLABS,,6,1/28/2021,,2021,14,,WETLAND A,,1,223.0456423,18.89996163,14.00242177,13640.48007,3.059197857,4.115505105,0.525,4.7,,,,,,,,,,,
NERR,SLABS,,7,1/28/2021,,2021,14,,NEW BRIDGE A,,1,261.0425301,23.3947602,17.59786945,13527.68408,3.705970759,4.840839801,0.535,6.116666667,,,,,,,,,,,
NERR,SLABS,,8,1/28/2021,,2021,14,,WAI 2 A,,1,232.1196617,17.62179115,12.83222549,13547.36415,2.470647173,16.71259059,1.3625,16.31666667,,,,,,,,,,,
NERR,SLABS,,12,1/28/2021,,2021,14,,REEF 9 A,,1,90.88571789,7.499407854,4.168066574,67.09713111,5.230435614,0.496744368,0.9575,1.246666667,,,,,,,,,,,
NERR,SLABS,,13,1/28/2021,,2021,14,,KAHOOKELE A,,1,97.96181588,6.587727012,3.594734577,212.7090484,5.917383706,8.061325852,0.44575,4.165137615,,,,,,,,,,,
